gene,log2FC,FDR_per_contrast
CDH3,6.543792401500947,3.587864754522449e-127
OTOP2,-9.47487854340781,3.587864754522449e-127
DHRS7C,-2.7560402865427256,9.942807628870046e-115
AADACL2,-2.7601304281084773,4.192176867655628e-113
OTOP3,-4.660822769913014,1.2907771790880875e-111
KRT80,6.71302040764114,3.761292128789213e-109
ETV4,5.475597552447554,3.091738227493326e-101
ESM1,5.562633506737169,5.618931722750466e-99
DAO,-5.068016714992326,1.5185337313900584e-92
UGP2,-2.0401696486440546,4.4559637260892655e-91
BEST4,-6.957261674910455,8.103169111403803e-91
LGI1,-4.562877528568992,2.099956074414075e-89
FAM135B,-4.706661819887431,2.369490663229883e-89
VSTM2A,-5.4649904912161045,1.884108447260166e-88
TMEFF2,-3.354328458127239,2.761600779394984e-85
MTHFD1L,2.456936116322705,5.822878471625136e-85
SLC17A8,-4.339448635510832,6.540510928625485e-85
FAM180B,-3.28765031553812,1.7603277816588412e-83
JUB,3.025879524134398,5.709127171749985e-83
CA7,-7.815830300187621,1.0097237398001388e-82
RXRG,-4.121724492580589,5.272080631671428e-82
GUCA2B,-8.802408425720621,8.482394624982378e-79
KIAA1199,5.460912766501792,1.6641054880811246e-77
GLP2R,-4.664666135084428,2.1370023837829915e-77
KRT24,-5.211463235544945,2.756894826151689e-77
KHDRBS2,-2.472492265052022,4.031002994827071e-77
PYY,-8.703425157769061,1.8424826691861855e-76
SLC25A34,-4.5045193757462005,5.480520304386983e-75
LOC92659,2.8874512877366585,7.864716015550032e-75
SGCG,-3.1863541872761383,1.3439185301432492e-74
ELANE,-2.910332628347263,1.3439185301432492e-74
PCSK2,-5.488314574449941,5.682091177403405e-74
CLDN1,4.759634700665192,6.5538390147131006e-74
FOXQ1,5.86171881289442,1.715472028896019e-73
LRP8,3.411497381886403,3.4471001673109954e-73
GRIK1,-2.571637804878048,5.454537250787864e-73
CMTM5,-3.3814230086986177,6.762700480268639e-73
CHAT,-2.422158024901927,1.288804776462695e-72
MUSK,-3.636548814600034,1.586731263203426e-72
RERGL,-5.244468181818181,2.334823358873969e-72
C6orf223,5.299156967422819,2.498688933848937e-72
CLEC3B,-4.302754477230088,9.007673029252952e-71
SULT1A2,-4.360732653931433,1.1544423007146218e-70
P2RX2,-3.251112169537778,1.5302111415665157e-70
PDX1,4.6991366194780815,4.085183084289895e-70
SLC30A10,-6.554572752856898,6.387930241374475e-70
TRIB3,3.54611191369606,7.389615213340703e-70
NPY2R,-3.995617166979363,8.235968349926792e-70
NFE2L3,2.646754306668937,8.658045358472095e-69
FEV,-4.536726292000681,4.172330173621663e-68
WNT2,5.328117465461359,4.567343003603498e-68
TEAD4,2.206581306498385,1.6514794242680042e-67
PMP2,-3.806013917789527,2.4988815100543876e-67
TMIGD1,-8.941151722667572,2.6502689191983105e-67
CDH10,-2.1409666467678665,3.899122613364183e-67
ENC1,2.052032824492585,8.830855645059721e-67
SLCO4A1,3.257687062937068,1.3850176058032092e-66
SPTBN2,3.2963586815623387,2.207923378655753e-66
PRSS22,4.591958016373876,2.89792374939829e-66
TTC26,2.0688267695718894,5.752943345187615e-66
CDKN2BAS,-6.65517069759509,6.562472365154752e-66
SCGN,-6.271369281937576,2.2553292735255467e-65
LRRC8E,2.768221755074194,2.5028347624472416e-64
GRIN2D,4.781039007334136,2.698042486962e-64
ADH1A,-4.2390262323042815,3.1696247263926964e-64
GCG,-7.600356464267439,1.505662510417662e-63
FIGF,-4.336243296946956,1.643377319610964e-63
TAT,-3.54796438683268,1.7562404938524433e-63
ENPP6,-3.733313150264369,2.1622948639003798e-63
PEX26,-2.001627707658187,3.346828436378585e-63
PHLPP2,-2.5324259252942163,5.514882158877478e-63
FAM151A,-4.233788461538461,6.790677796647777e-63
ANLN,2.2803659133549363,6.790677796647777e-63
C17orf96,3.4655072914890006,7.419611340242793e-63
XKR4,-3.028603257717892,1.1597150804022085e-62
SST,-6.072859636704758,2.4971250067699478e-62
ZNF575,-2.2485950537267607,2.6303403837653454e-62
TMEM72,-5.117705679686166,6.236268090962322e-62
ABCB11,-4.5515395446017415,6.7479475099743565e-62
PLCD1,-2.490170979020972,1.2721995376789382e-61
STMN4,-3.373641216100971,1.3242869799438049e-61
TRIP13,2.290918105065669,1.7013564971043128e-61
TEX11,-4.0485913013815455,2.2611485416897027e-61
SLC7A5,3.028151142759686,2.5636928408300758e-61
ABCG2,-5.424622326454035,1.8227522180251102e-60
C2orf88,-4.223382722155889,1.8227522180251102e-60
GSG1L,-2.359594439706634,4.4769554837067603e-60
CNGB1,-2.757965324918984,4.4865804271256964e-60
ANGPTL7,-4.576529515606345,5.161548045633788e-60
GTF2IRD1,2.1331454289612832,7.118660401610476e-60
MYOT,-4.233891378134062,1.022097186510128e-59
SLC30A8,-2.1842997185741093,2.269943000941748e-59
TNFRSF12A,2.6982676189664083,3.224446712544335e-59
PRKG2,-4.359678995394852,6.668683916704596e-59
ASPA,-3.9899578287566086,8.319952660268995e-59
EPHX4,4.5002243049633295,8.68046050369611e-59
AMPD1,-4.775610822104724,2.3235281154087477e-58
MYOC,-5.575454528398433,6.08782257870973e-58
MDFI,3.5251504349309224,9.612600572286073e-58
SPATA12,2.808259295582462,1.1277228170220641e-57
CTNND2,-3.7369530615725735,1.5529841341457936e-57
MS4A10,-3.948039570185912,1.572126476986096e-57
HPSE2,-3.7024619478082905,2.2347457435855976e-57
USP2,-4.528954093467505,2.5187984586823312e-57
SH2D7,-4.31016844618796,6.285306564282493e-57
PLP1,-6.466784879754392,2.4788496057796907e-56
SYT10,-2.4304727528569,3.2731105420094178e-56
CLDN23,-3.319662425379493,5.4602307362859935e-56
PVT1,2.602065853658539,7.6461883046597625e-56
CLDN8,-7.479857308545114,8.573290979670517e-56
PHOX2B,-4.292164113934847,1.0359875655253119e-55
HMGCLL1,-2.577039902780148,1.8062112473625425e-55
LRRC7,-2.8899477656489854,2.6846578634175238e-55
ACADS,-2.470650818693501,3.0135460878452667e-55
DHRS11,-2.911818574108821,4.0417864549718704e-55
RSPO2,-4.808267175507421,9.126199981440035e-55
PLEKHN1,3.606467968616753,9.836944143084584e-55
CMA1,-4.2852331656148746,1.0978971867341555e-54
PRR7,2.6920448916936786,1.7632424260775336e-54
NGB,-3.5390502728978337,1.839597025319064e-54
KIAA1549,2.43046868497356,2.0150843087641093e-54
CA1,-10.517174194098583,8.514935487586913e-54
GCNT2,-4.409287199385981,8.634335484118994e-54
HTR3E,-3.853537148217636,9.282054288150995e-54
GFRA2,-4.405178935698449,2.3811632924955163e-53
SLC17A7,-3.1957262749445667,3.173300666220774e-53
ST8SIA3,-2.8860572829609423,1.3310255229095209e-52
MOBP,-2.6379394166808794,1.3624208454083048e-52
CA2,-5.906837762237764,2.558850918833805e-52
KRTAP13-2,-3.689623563022344,3.2616750677991644e-52
CASR,-2.524843314003071,3.317451657486174e-52
MAGEE2,-2.0074619307521746,6.236384406008565e-52
SMPDL3A,-2.8479233498209098,7.949529488551912e-52
CADM2,-3.5991176019102844,1.1127985552271836e-51
PKIB,-4.850211734606858,1.904290170898761e-51
PHOX2A,-3.0587909602592527,1.9960404412842346e-51
PPM1H,2.1896948149411566,4.865844433449533e-51
CPNE7,5.070337122633468,4.9607941675870575e-51
NPY,-3.267021627153333,7.2698339915617e-51
C2orf40,-4.851852362271874,1.0905337733820897e-50
NRXN1,-5.2430554494286215,1.932439284390642e-50
KIF14,2.174083140030703,2.9888854931067346e-50
CBX2,3.521803035988407,8.448775301215056e-50
MMP7,7.148217158451294,9.10811215828554e-50
HS3ST6,-2.8859351952925114,9.938982738339462e-50
DMRTA1,-3.950602839843087,1.143161910448569e-49
KCTD4,-2.995410114275969,1.2711074599509225e-49
C1orf135,2.1766591591335462,1.9403499642679555e-49
BMP3,-6.720293382227531,2.0383893542610496e-49
ABCA8,-6.451175473307181,2.3252160138879057e-49
GUCA2A,-7.207980658366026,3.119952857074952e-49
NAAA,-2.286967849223944,4.248066757606201e-49
CD177,-7.854776257888456,4.616556824863644e-49
AQP8,-9.325312510660073,4.7876768016966645e-49
SPIB,-5.595286244243559,5.1997606675227696e-49
TPH1,-4.005951969981238,9.644999622396608e-49
MAMDC2,-5.870987395531296,1.1668629874996694e-48
PPAP2A,-2.1137193757462054,2.2120183472963028e-48
CCL23,-3.908737975439196,5.847781475697883e-48
SCARA5,-6.294625481835239,7.700051626832701e-48
INHBA,4.844784862698278,9.057855368118231e-48
SLC6A19,-6.770902933651715,9.145509702892483e-48
KIAA0408,-4.942240653249189,9.687611377547788e-48
ROPN1,-2.5921427682074016,9.696056554536257e-48
INSL5,-5.1893662203650015,1.0189546373245199e-47
DDN,3.992422164420946,1.0397120728919327e-47
LOC572558,-3.64601970834044,1.2043763074054183e-47
ELAVL3,-2.7164358945932108,1.38237636982554e-47
CST1,6.876110915913356,1.3924393990835695e-47
CNTN2,-4.13404147194269,2.382554807450128e-47
C1orf177,-2.573178731025072,2.7535657067344017e-47
XRCC2,2.136382278696913,3.037448874361761e-47
NEBL,2.319340081869345,3.6185188001358975e-47
HSD3B2,-5.723218352379326,5.074375251331735e-47
KCNIP4,-2.131478048780492,1.4044804939152972e-46
PI16,-5.917136406276652,1.7465587579952294e-46
LYVE1,-4.796294695548352,2.2081712446309707e-46
KIAA1257,3.25505289101143,2.421833632029812e-46
CD160,-2.575203650008529,2.7642436039621444e-46
COL11A1,6.546156131673209,3.7444057214700675e-46
GYLTL1B,4.223555338563878,4.5399610259859655e-46
IL6R,-3.227806779805558,4.610697275375534e-46
RHPN1,2.904587276138482,4.8758276997603294e-46
GNG3,-2.720850707828755,6.477778717039683e-46
PKHD1L1,-3.997936210131331,6.5995108113277225e-46
GBA3,-5.561421311615214,7.166074802209002e-46
FUT1,2.5101322190005035,7.897446522830622e-46
CHST9,-2.940051074535222,7.944069703640267e-46
SLC27A6,-2.8755942520893747,9.205212330726227e-46
ADHFE1,-3.382214088350672,9.205212330726227e-46
CHAD,-3.745862476547844,9.257180303355994e-46
ASTN1,-3.539587276138497,9.976077439599349e-46
RAD54B,2.083257973733587,1.1839143679347722e-45
CDKN2B,-3.5024403121269003,1.2555457500044218e-45
BAI3,-3.4765285945761555,1.4308015822578688e-45
CDC25B,2.043699778270509,1.6865820859328486e-45
TP53INP2,-2.706790405935529,1.7746705829556137e-45
ORC6L,2.0316868582636864,2.7008106521053766e-45
ACAN,3.734502942179765,3.034624420924371e-45
NCRNA00092,-2.597010779464436,3.361246166416241e-45
SLC6A6,2.849352268463237,4.3373714834303307e-45
CLEC9A,-2.886389339928363,4.500133959985042e-45
FAM5C,-5.746902328159643,6.475670345381453e-45
MAL,-4.046473563022343,6.631406141229054e-45
ENTPD5,-2.6654995309568523,6.990723721144907e-45
FAM82A1,-2.0614914719426967,7.694576671596969e-45
TMEM100,-4.381827323895617,1.2279871601793649e-44
CRHBP,-2.38138703735289,1.230212742487605e-44
MT1M,-5.827277144806414,1.7124456964153324e-44
CA4,-8.737511282619824,1.7439164729361425e-44
ALPI,-5.447918062425387,2.0206528173107118e-44
MAB21L1,-3.091816322701688,2.1261525719707765e-44
LOC728606,-2.8213787310250718,2.365466152653421e-44
PLAC9,-4.010527153334472,2.644281859720785e-44
MACC1,2.378994073000179,2.7423928340460253e-44
CNTFR,-5.901771268974928,3.276117792586365e-44
SLC7A14,-3.933602601057478,3.7326594844069335e-44
ZNF536,-3.7032259167661614,3.798935629998855e-44
SCN11A,-3.374489561657854,3.976293192997612e-44
C11orf82,2.0119389902780105,4.900148585019609e-44
TMEM132A,2.347644797885045,5.812553405807731e-44
IQGAP3,2.0262661436124816,7.255174207036418e-44
RNF152,-3.075178287566094,7.321774673355026e-44
SKA3,2.067349735630221,8.174241544099496e-44
HPGDS,-3.820605713798399,9.2086794522142e-44
SLC26A2,-4.976358024901931,1.0413075563345512e-43
MT1F,-3.473923665359033,1.8090408454895484e-43
ERVFRDE1,-2.2024064642674395,1.9642751758588875e-43
SEC14L2,2.4660098754903546,2.0144368416907817e-43
VWA2,3.9140694183864913,2.149787921494735e-43
FOXD3,-2.9763733327647977,2.4925858644053042e-43
CCNO,2.806455440900565,2.9557862118922547e-43
MS4A12,-8.512752421968276,3.1813774552354503e-43
PIRT,-4.513139723690946,3.2750203927870507e-43
TTC22,-2.1210233327648016,3.916734698576303e-43
KLF4,-2.845154161691976,5.22734471776566e-43
SIM2,3.6974048439365466,6.018717932651024e-43
KIAA2022,-3.778261410540678,6.37964037079958e-43
TMEM37,-3.453687566092441,6.964307106978447e-43
GABRD,2.478768207402353,9.286315081640228e-43
NAP1L2,-3.826868011257033,1.1091468877051417e-42
UNC5C,-3.4749327903803504,1.3427563144505562e-42
DPP6,-4.498508886235715,1.826368618590645e-42
PRIMA1,-5.52891125703565,2.0494005802556562e-42
HMP19,-4.571803274774008,2.0494005802556562e-42
CEP72,2.0247312126897503,2.2623875158637922e-42
CADM3,-5.879660301893232,2.2647635198762786e-42
AHCYL2,-2.901951825004277,2.4992342186423162e-42
PDE6A,-4.636660404229918,2.5224265997674352e-42
FAM107A,-3.767915512536242,2.9024481067043115e-42
OSTalpha,-4.963331809653764,3.7026542588616864e-42
SLC16A12,-2.307804212860311,3.710441807076854e-42
TMEM82,-4.550491488998805,3.731427325116469e-42
CHGA,-8.062207896981072,3.9892797314250186e-42
FXYD1,-4.628653965546649,4.1246222113905e-42
GPT,-4.259766058331914,4.714202617833286e-42
NRG2,-2.6373554153163914,4.928271240925804e-42
SLC22A18AS,-2.7073277588265388,5.853904473627289e-42
ADCYAP1R1,-2.1461129029507067,6.14096012858725e-42
SCN7A,-5.5324580931263885,6.932847414098628e-42
C7orf68,2.172703632952409,7.853103260169606e-42
ELAVL4,-3.1957772983114445,8.513460807282319e-42
SEMA3E,-4.64594860992666,1.0263169942160368e-41
CBLN2,-3.321581152993349,1.0282218738834083e-41
SCN9A,-4.315579200068224,1.2479510852054374e-41
GPR44,-3.359528381374722,1.3499726745131929e-41
SOX10,-4.827119870373531,1.538192501746712e-41
CGREF1,3.4949785178236423,2.2036128259815323e-41
NPY6R,-4.770919895957699,2.6256205353410434e-41
ASPG,-4.787533174142931,2.9658313810448044e-41
UBE2C,2.0416461197339366,3.8620496876014464e-41
METTL7A,-2.7233650179089164,3.869078697396207e-41
SMOX,2.1294062340098865,4.2016325197528925e-41
RASGEF1C,-2.7532732901245094,4.683915861414211e-41
ANKRD13B,2.2861980726590474,5.020130514722893e-41
SLC5A7,-3.296317124339076,5.539702706985726e-41
NAALADL1,-3.4099391096708125,5.621639758080669e-41
OTX1,4.021699641821591,5.871240059128664e-41
AGPAT9,-2.8855594831997253,6.09382746820427e-41
SPOCK3,-3.106981084768889,6.445785975360598e-41
NR3C2,-3.092709039740745,6.807108788312371e-41
ZG16,-9.130465316390929,7.98690888522426e-41
RIMS4,-3.656437617260788,8.508219123519682e-41
CLCA4,-9.037958084598325,1.2114363304912878e-40
TMEM220,-3.270813730172267,1.3102237541026612e-40
CDKL1,-2.1134024987207933,1.4049188788927123e-40
KCNE2,-2.3071798993689208,1.4495754961030563e-40
P2RY4,-2.6685922138836773,1.5134341325511442e-40
GLRA4,-2.575895386320995,2.1219266015434064e-40
SFRP1,-5.837607692307692,2.183909715753107e-40
GABRG2,-2.7970561316732043,2.1888285155019597e-40
B3GALT1,-4.2796793706293705,3.054872740741921e-40
SALL4,3.995023810336008,4.355101582347771e-40
SLC4A10,-4.276304144635853,4.777846230390928e-40
ABCC13,-4.138051014838819,4.793191910430233e-40
HSD11B2,-2.793071780658368,4.815634755537361e-40
MEP1B,-5.185220868156234,5.4587996871547086e-40
SPINK2,-3.2496353487975425,5.604571255967277e-40
ARNTL2,2.4051312979703265,5.627737515332938e-40
GPR15,-4.826390516800271,6.5483624616262715e-40
PRPH,-5.026212476547845,7.015349144716357e-40
LIFR,-3.7857045539826,8.642569093115526e-40
PLAC2,-3.8308544516459135,8.723506944391385e-40
CDH19,-4.285918070953436,9.87158334425898e-40
C16orf89,-4.675354511342314,1.0146654027609718e-39
SLC4A4,-6.233530854511338,1.2289105045077848e-39
LMX1A,-2.955524356131673,1.4202303132041951e-39
CCR10,-2.628292947296606,1.4330377126521472e-39
SCNN1B,-6.0448286116322665,1.5005125092138242e-39
FJX1,2.5204113764284517,1.7474658583429197e-39
LRRN2,-4.336511291147877,1.8970590454817707e-39
WISP2,-5.189971482176357,1.8980235265467413e-39
MPZ,-2.97218460685656,1.8980235265467413e-39
UGT1A8,-5.507381229745865,2.2520037061591247e-39
SH2D6,-3.8398364148047066,2.5910559287375528e-39
SLCO4C1,-4.015240286542724,3.7877809394207886e-39
VIT,-3.2996733242367395,3.9070925730011626e-39
AQPEP,-2.7931259423503327,4.1219796450259214e-39
FAM40B,2.6343144976974235,4.1445231414763266e-39
MUSTN1,-2.877221396895783,4.2879503846997235e-39
TRIM29,4.153845514241851,4.3663006127827706e-39
C1orf170,2.689138700324062,4.480178851842741e-39
SULT1A1,-2.666461214395362,4.5641532819327556e-39
ITM2C,-2.7030138580931222,5.4011634205658966e-39
SLC7A11,2.711096571720957,6.705024082232537e-39
TNFRSF13B,-3.910799121610096,6.705024082232537e-39
FAM23A,-4.701597211325261,7.098660577271145e-39
ULBP3,2.0197798140883534,7.747802571493315e-39
S100A2,3.844424236738878,1.0551438467269161e-38
C14orf176,-3.06282112399795,1.1419224576255271e-38
TMCC3,-2.493684325430669,1.530179642979447e-38
RDH5,-2.565952157598504,1.593800349364834e-38
MT1H,-4.969239177895273,1.7949202412088255e-38
PPP2R3A,-2.2516232986525697,1.8780344061775695e-38
GRHL3,3.982704605150949,1.8866739107712163e-38
ATCAY,-3.2084228210813577,1.9856769826658944e-38
APLN,3.035699940303588,2.248239898021236e-38
SNORD1C,2.1165352123486287,2.472696904168667e-38
BEX1,-3.496233387344362,2.6388695744289763e-38
BCHE,-4.549629524134401,2.989111683598041e-38
OLFM3,-2.82907113252601,3.18856962215533e-38
ANKS1B,-2.77195494627324,3.2710316597017117e-38
ST6GALNAC6,-2.6858464864403864,3.870743871449904e-38
CNR1,-4.369764079822616,3.9092378382794997e-38
IGSF11,-2.77831115469896,3.951024375182387e-38
UNC5D,-2.35498412928535,4.173179431594762e-38
GLS2,3.000156984478933,5.804281681878828e-38
GSTM5,-3.4291479703223584,6.099774957251001e-38
HOMER1,2.261226599010742,6.23472623200465e-38
MSX2,4.258848456421628,6.417826684914569e-38
GDF15,2.9583207231792663,6.57729254383091e-38
PHLDA1,2.559509432031369,7.190893004953677e-38
CPEB1,-3.243075174825173,7.714549688777345e-38
PDK4,-3.3740360480982456,8.721267893414476e-38
ULBP1,2.830011538461536,1.159714848934006e-37
OSTBETA,-5.09842094490875,1.177476544267992e-37
KLK6,6.726767363124683,1.4357155259747027e-37
PLCE1,-2.37780210643016,1.698912129317046e-37
NBEAL1,-2.124537182329869,1.7121102326195713e-37
ANPEP,-5.047061598157947,1.898931327525309e-37
C1orf186,-3.1466267866280053,2.185044106651734e-37
KLB,-2.5936690772641966,2.432524406579751e-37
SCG3,-4.002729600886918,2.4386497459720853e-37
COL19A1,-2.576601287736654,2.474028878373118e-37
LGALS4,-2.171853505031553,3.7525099319150655e-37
NKX2-3,-3.1170403888794187,3.945685631987317e-37
G6PC,-2.9009339246119725,4.025113796258582e-37
ADH1B,-6.793664617090226,4.104290053920718e-37
HTR1D,4.213106396042983,4.487035771201891e-37
NEFM,-3.2933408323383926,4.487035771201891e-37
DUSP26,-3.0989461794303264,5.091652004806175e-37
LOC389493,-2.142158451304792,5.549918873646232e-37
ATP1A2,-5.488933438512708,6.411177241409371e-37
GRIN2A,-3.1166608306327825,6.780652233909911e-37
RECQL4,2.071342265052027,6.868772928490167e-37
C11orf86,-5.515025831485588,8.261326630511619e-37
GNG7,-3.0506581528227867,8.57979871300053e-37
PSAT1,2.5701194354426065,9.031825460050952e-37
CALY,-2.971408323383934,9.708151350237256e-37
CCBP2,-2.708420586730345,1.2913636321212837e-36
GDPD2,-4.584102242879075,1.9199900513509374e-36
P2RY14,-2.9771152055261805,2.3446958940692408e-36
SLITRK3,-3.811816433566434,2.556110086763731e-36
HTR7,-2.6741885724032066,2.7857154129649635e-36
SEMA6D,-3.699717124339072,3.154234237078285e-36
HSD17B2,-4.399378466655299,3.224148745670662e-36
TNXB,-4.323602618113592,3.5019711247046734e-36
FGFBP2,-2.793983259423502,3.567976137352929e-36
NLGN1,-3.2955751151287758,3.649399229143456e-36
MMP11,3.742647995906535,4.304237269085952e-36
BEST2,-6.140362510660075,4.679178116667404e-36
P2RY12,-2.9943503837625776,5.0261677075259473e-36
GFRA3,-3.912126761043836,5.1768142811297694e-36
GPR3,2.417758246631418,5.589909408158539e-36
MT1DP,-2.25672161009722,7.163521931089197e-36
ATP6V1G2,-2.2903983114446524,7.805553629850339e-36
GFI1B,-3.1828957103871724,7.974534003450899e-36
TRANK1,-2.140602703394171,8.539529485150344e-36
SULT2B1,3.1201887514924094,8.549921202921242e-36
RPH3A,-2.1370169196657005,8.793162576915097e-36
VWC2,-2.177002848371141,8.93035618415182e-36
CELSR1,2.55503415486952,9.097361753827826e-36
SEPP1,-3.595244908749791,9.753224485217204e-36
CTSG,-4.765506993006993,1.1429670921899534e-35
NKD2,3.7143285263516974,1.2125089043513257e-35
LDHD,-3.762099812382737,1.229772735227461e-35
ENHO,-3.096332099607711,1.2633071277114004e-35
P2RY1,-3.1182639519017537,1.5739439081640636e-35
FRMPD4,-2.538632176360225,1.5943777777711385e-35
GRIK3,-3.5822268974927534,1.6039711533814678e-35
SORCS1,-4.241344789356986,1.7493190295503053e-35
P2RX1,-3.033333899027803,2.0305195774818863e-35
PKNOX2,-3.0642127409176187,2.2202469621269325e-35
PYGM,-3.814913269657169,2.2636113964637058e-35
TRPM6,-5.239482133719936,2.3265477953194387e-35
C2CD4A,3.905965495480132,2.3271921151362556e-35
C1orf115,-2.463516911137648,2.6044545208611527e-35
EIF4E3,-2.1335305219171,2.9301157112185047e-35
TMEM59L,-3.559722027972028,3.4992457165260075e-35
CFD,-3.850621644209452,3.561209965942996e-35
ALK,-2.2449617260788,3.857050872201336e-35
ADAMDEC1,-4.214672539655465,4.214615225790266e-35
C1orf150,-2.555152848371141,4.2320241596654714e-35
C14orf180,-3.104303138325089,4.401270379271039e-35
BMX,-3.7460508186935,4.938711626511538e-35
STMN2,-4.584564642674398,5.037953918770241e-35
GNG13,-3.3444104553982594,5.748192316488896e-35
CDHR5,-2.926002532833019,9.528787017079447e-35
MYOM1,-3.468534299846496,9.529379577358131e-35
FAM176A,3.4563754136107803,1.0479676661466015e-34
NR5A2,-2.7273366706464346,1.1554355629699884e-34
SSTR2,-2.8121121865938927,1.1923960984630246e-34
FOSL1,3.4934680624253733,1.327796924405359e-34
EGFL6,3.375899624765475,1.3563064204932491e-34
SCD,2.5986671584512955,1.505932050148901e-34
KLHL35,2.988822190005116,1.6693223327405116e-34
SNTB1,2.1007926317584857,1.6875170617055027e-34
C12orf53,-2.7687837199385967,1.7421358054050487e-34
TGFBI,2.7987236227187537,2.279763918908016e-34
PDZD4,-3.488207931093295,2.3666628501568563e-34
GREM2,-5.020515418727613,2.713220131378744e-34
TAGLN3,-3.45006067712775,2.836823174718276e-34
B4GALNT2,-6.672419034623915,3.05831870417408e-34
SLC10A2,-3.014525251577691,3.120143394306265e-34
SLC17A4,-4.274391847177217,3.259019574731663e-34
TRPV3,-3.495687770765821,4.234076312659737e-34
EMILIN3,-2.499893885382912,4.361203759251788e-34
CWH43,-6.167028568991983,4.805563805647019e-34
NRSN1,-2.479586696230599,4.941652759937349e-34
FAM163B,-2.068580607197681,4.974917351361229e-34
HPGD,-3.5392315538120407,5.178614750262322e-34
ANO5,-4.584734862698279,5.276332909965073e-34
MADCAM1,-4.188690098925463,5.305165726196803e-34
C2orf70,3.310322462902952,6.864152109436047e-34
HRASLS2,-3.942141932457786,6.925859612257024e-34
HTR3C,-2.684432338393313,7.067855545302559e-34
CLDN2,5.982495710387168,8.22905210746683e-34
CNGA3,-3.569411632270168,8.270788426326844e-34
GRHL1,2.4195954289612835,8.796455567594102e-34
STAB2,-3.000860498038547,8.872242044672078e-34
PTPRH,-2.2828724970151804,1.0605846153344493e-33
SH3TC2,3.132652038205697,1.1871512954447841e-33
CPM,-2.915586994712606,1.2064378212379754e-33
C21orf88,-3.942269273409517,1.2150479813412485e-33
COL10A1,6.32109748422309,1.2440427579902789e-33
FGL2,-3.231245224287912,1.2654849772812364e-33
FAM150B,-3.064471413951902,1.4308492820606809e-33
MALL,-2.3006637045880893,1.5127335599938045e-33
WDR78,-2.726549718574109,1.5322451487048386e-33
FMO4,-2.0324689749275078,1.5322451487048386e-33
LOC646851,2.182039672522602,1.6544040124464352e-33
CCDC19,2.0777713883677285,1.7597921273032017e-33
C6orf186,-2.828374108818013,1.7606909888892637e-33
CUX2,-2.062373469213714,2.0083524037508094e-33
STRA6,4.707559363806926,2.078009997284556e-33
ATP2B3,-2.162766800272898,2.260008041515963e-33
CD163L1,-3.693669094320312,2.4878378461536258e-33
SGK1,-2.501781212689746,2.9415891101353204e-33
NOVA1,-3.628518693501619,3.0476529735259282e-33
CNTD2,3.5668836602421985,3.679919851116148e-33
GSN,-2.0533797970322265,3.8995408979209385e-33
PBLD,-2.53859768889647,4.0984858355755e-33
CHODL,-3.3588572914889983,4.907008811965377e-33
DNASE1L3,-5.077651074535226,4.9196337267718256e-33
HTR4,-4.1098186764455065,5.3284094887047005e-33
JPH4,-2.6902792682926817,5.358011109469665e-33
SECTM1,-3.476339263175852,7.278239526862084e-33
FHL1,-3.328920714651197,9.594103682431311e-33
TSPAN7,-3.3206953777929336,9.645816443320295e-33
ABCA9,-3.494935382909772,1.0149297617959957e-32
ARHGAP20,-3.059572966058331,1.0796484858857806e-32
PADI2,-4.170709739041449,1.1298547184622595e-32
ABCB5,-2.891159875490363,1.247069446711079e-32
ACSM5,-2.6441714224799595,1.3091381945760278e-32
NEFL,-4.28087078287566,1.3332092938606642e-32
MSX1,2.72898865768378,1.4388589000115556e-32
EDN3,-4.540552404912161,1.8556054159578318e-32
CEACAM1,-2.393628159645237,1.943522220753152e-32
BAALC,-2.967945889476376,1.9517346405636135e-32
ANGPTL1,-4.898893638069248,2.065925819838344e-32
SFRP5,-3.985379276820741,2.4100204824559304e-32
WSCD1,-3.782326087327308,2.7948055816166497e-32
FAM19A2,-2.1587317243731885,3.168243401662353e-32
MT1G,-4.033974680197854,3.462499096934024e-32
SLC23A1,-3.566952012621524,3.881319798165469e-32
PDE2A,-2.9166405509125006,4.129464418755233e-32
AFF3,-3.367090567968617,4.3373060029789156e-32
SNAP91,-2.9560834640968787,4.3373060029789156e-32
SCN2B,-3.603709449087497,4.408790210648311e-32
PTPRZ1,-3.62233621865939,4.4650081386022427e-32
PTN,-2.86531668940815,4.990841076799201e-32
CLEC4G,-2.8584055944055944,5.372452664960873e-32
DIRAS2,-2.47020899710046,5.417365616905384e-32
GDPD3,-2.814919341633968,5.495659854346309e-32
PKD1L2,-2.226985451134232,5.802435178491501e-32
DPYSL5,-2.7170249786798566,5.886539145643896e-32
CLIC5,-2.3194127835579064,6.13661367758924e-32
BEND4,-2.7702095428961298,6.512438336269234e-32
ABI3BP,-3.850919136960599,6.710217047394093e-32
NR1H4,-4.848673298652566,6.774273515607513e-32
RUNDC3B,-2.8948385468190345,6.901339032246828e-32
CCDC69,-2.6413391437830462,7.434616968214008e-32
CXCL12,-2.9155534794473805,7.447423833123522e-32
COL7A1,3.538295053726764,8.48975521535811e-32
SVOPL,-3.4093037779293884,9.140718308202591e-32
FLVCR2,-2.47951890670305,9.705915565194307e-32
ADH1C,-5.936820765819552,9.755662605199928e-32
CA10,-2.3514620672010915,9.971490368996934e-32
GRIA3,-2.460890926147023,1.0483649904665598e-31
RNF112,-2.514997398942519,1.0919314505600462e-31
PTGS1,-2.816051483881964,1.2497344278910326e-31
SEC14L5,-2.814827775882655,1.274517138225845e-31
MMP28,-3.508572786969124,1.3033135446494699e-31
NEGR1,-3.184534692137131,1.4437515067548334e-31
MT1X,-2.391919768036839,1.5197982042670486e-31
EFHC2,-2.9783409943714845,1.6126240621978566e-31
MYPN,-2.910256575132184,1.8442369648273227e-31
SLC13A1,-2.143348482005799,1.9863660054704136e-31
SYT4,-3.471192137131162,2.0832043998018605e-31
HAPLN1,-2.925150434930927,2.10717637078742e-31
MAPK4,-3.7819699727102174,2.4431830313929925e-31
TMEM171,-2.6992504178748105,2.483730663566635e-31
KCNG3,-2.722847569503667,2.734548814803997e-31
ACVRL1,-2.0164467422821115,2.999967331343171e-31
AQP7,-3.0041749104553954,3.0331924800570007e-31
CES2,-2.3740421030189403,3.324390074383956e-31
KCNB1,-3.0765897407470573,3.4456002187014748e-31
GPM6A,-4.9939219171072855,3.540693604666593e-31
LPAR1,-2.667297995906539,3.7206329788201423e-31
PLCL2,-2.927371132526008,3.763432212206357e-31
STOX2,-2.475562408323384,3.952022845306038e-31
SDCBP2,-2.8075793535732547,4.168964857260505e-31
CPNE8,-2.6103254903632958,4.615623077899583e-31
EPHA5,-2.0421096196486443,5.086217088715363e-31
ASAP3,-2.230797373358347,5.185318319557998e-31
SRPX,-2.9977909687873083,5.253483977795976e-31
LILRB5,-3.601294345898003,5.4427697465982645e-31
LOC25845,-2.690551219512196,5.690606680957026e-31
ASB2,-3.419144797885041,5.833917571347598e-31
LTC4S,-2.3978245608050472,6.009558474120937e-31
OGN,-5.579055048609924,6.238419388389644e-31
NBLA00301,-4.312509721985331,6.296936535342019e-31
CCDC68,-2.3820161862527742,6.319006010179099e-31
PGA3,-2.044795377792939,6.4574100566940775e-31
LMTK3,2.3014152055261805,6.661025099146708e-31
ULBP2,3.366646443800101,6.691993159781256e-31
LPHN3,-3.169160242196828,6.726801818632664e-31
SLC9A9,-2.6896372676104363,7.769015728998331e-31
EPB41L3,-3.520457496162373,8.817019661964213e-31
SLC8A3,-2.161990985843425,1.091842828695527e-30
LOC339524,-2.733045642162716,1.2145006100017568e-30
CCL14,-3.472584581272385,1.3026977086176722e-30
PCDH10,-2.759988632099605,1.3324490624227323e-30
UGT1A10,-4.659968335323212,1.3438361668380222e-30
HAGHL,2.977101091591335,1.3539307768782224e-30
CCDC152,-2.9033209363806938,1.4752325278392169e-30
WNT3,2.1910928876002,1.4822087164693244e-30
TM6SF2,-3.3127044942862023,1.4942247135993962e-30
GPX3,-2.910945283984302,1.90139178732776e-30
DPF3,-2.97469081528228,2.148830273576084e-30
RGS16,2.284222548183529,2.2212046017272906e-30
CAND2,-2.1157872334982075,2.3130322979902132e-30
KIF1A,-4.293104238444485,2.5223997632134853e-30
TNS4,3.341939646938429,2.5992784956725592e-30
TSPAN1,-2.715077835579047,2.8043605786942793e-30
CNTN1,-3.9138050827221567,3.1202934095649783e-30
TNFRSF17,-4.3466234862698325,3.364817197788935e-30
MOCS1,-2.13670941497526,4.06282303136805e-30
C20orf200,-3.108101569162545,4.087275229758048e-30
MT2A,-2.6598973392461183,4.152412919800688e-30
WDR66,2.5493424697253926,4.334440178886164e-30
EPHA6,-2.4261768719085794,4.643927643781014e-30
ANK2,-3.499104869520721,5.120585549507658e-30
OXTR,2.402968284154874,5.768924369914444e-30
CRYBA2,-3.13159483199727,6.366537756334213e-30
CNTN4,-2.99757866280062,6.948759096636925e-30
EPHA7,-3.997742844959917,7.754388188337398e-30
NTN1,-2.918095821251921,8.608577041371989e-30
RCAN2,-2.180508818011262,9.466257318269516e-30
NEUROD1,-3.9067597134572742,9.85139277415727e-30
DNER,-3.4057179259764645,1.0660792420443823e-29
HRCT1,-2.8147843169026103,1.1207966395151202e-29
GLIPR2,-2.1312916680880107,1.272849025525664e-29
SLC5A11,-2.935033950196145,1.3322690642488157e-29
PTH1R,-2.784139101142759,1.4040098711452768e-29
CPNE5,-2.419085323213374,1.4288196492823788e-29
ATG9B,3.152006054920691,1.5670824864682724e-29
FAM181B,-2.6489545283984297,1.699671944036451e-29
IGJ,-5.784816689408155,1.7710984630513538e-29
B3GNT7,-4.114250631076239,1.817415737152313e-29
PHGR1,-3.238241702200245,1.8501650553211057e-29
TLR3,-2.428255261811364,1.8593384427394426e-29
CELSR3,2.6024487037352984,1.8738294083752745e-29
ASB5,-3.301034214565921,1.958366248867463e-29
RYR3,-2.1498436465973056,2.2384525996945978e-29
NOTUM,6.394346691113761,2.4082750427231458e-29
SYP,-2.283057376769575,2.456936551360293e-29
KIAA0513,-2.236785434078115,2.4842933856967494e-29
CEACAM7,-6.08735913354937,2.546558304428828e-29
C2orf58,-2.039989280231964,2.6550498091453226e-29
C7orf10,-2.692589049974416,2.928663476435369e-29
ATP13A4,-3.5079485587583163,3.238053988535054e-29
INA,-3.416499061913696,3.2703431947143213e-29
LOC646627,-5.441716510318951,3.440535063190891e-29
LOC401093,-2.2934595684803005,3.4474656229023824e-29
CLDN5,-2.696656703053045,3.632053434112335e-29
HMX2,-2.1138948831656146,4.125130583951892e-29
GNG2,-2.048678876002045,4.2582749842683945e-29
BTNL8,-4.318947791233161,4.261639903796759e-29
DBNDD1,2.290455696742284,4.611033526076049e-29
NPTX1,-4.378626624594919,4.7652075584419937e-29
CLEC10A,-3.800294823469211,4.7733388287195666e-29
TCEAL5,-2.106051381545284,6.221370017958896e-29
GPM6B,-2.762421627153336,6.279541115201049e-29
C15orf48,-2.91476481323555,6.293256047580605e-29
LOC643763,-2.903153658536585,6.338343812716572e-29
RIC3,-3.01871732901245,6.585659801412899e-29
PCOLCE2,-4.487203266245952,6.752579369720706e-29
MAPK10,-2.6479939791915363,7.228606262169137e-29
PDE7B,-2.534508937404061,8.206987371723101e-29
SCUBE1,-3.082290150093812,9.31672773835252e-29
GALNTL1,-3.3723499829438874,1.04514656392388e-28
FAM129A,-2.906906830973904,1.0870158277494443e-28
DCLK1,-3.4477806754221385,1.1448862883744566e-28
CCDC150,2.2148797714480644,1.2045627705041122e-28
CTHRC1,3.32075913354938,1.2213814636574023e-28
LDB3,-3.719065606344875,1.3170336249613055e-28
ADCY5,-3.942307871396896,1.323210952240099e-28
ABCA6,-3.453869316049805,1.5201032682205122e-28
AMN,-2.82773784751833,1.5268664786823282e-28
LAMA1,-3.150187676957188,1.5268664786823282e-28
NEU4,-3.4727880095514205,1.561628511017381e-28
PLAC8,-3.976085186764454,1.793551546649728e-28
SLCO2A1,-2.415865393143441,2.039887847711393e-28
C6orf105,-4.621877792938764,2.243689527123569e-28
ATP1B2,-2.5619309227358014,2.291080863058912e-28
APOBEC3A,-2.658125370970489,2.337174175383584e-28
CHP2,-5.83631872761385,2.365039480038978e-28
DSCAML1,-3.1964540081869344,2.8200940945724307e-28
KRT17,4.750370927852634,2.8200940945724307e-28
FCRL4,-2.4387327050997776,3.090911868172206e-28
SLC23A3,-2.5989968702029707,3.127567279551918e-28
SLC26A3,-7.441659585536417,3.241600288795393e-28
SIGLEC11,-2.397508306327817,3.3390943701650323e-28
TRIM40,-3.2509730428108483,3.3645523200960753e-28
LIPC,-3.377713534026948,3.4199257087696007e-28
ABP1,-2.189943228722488,3.465353419426949e-28
CCBE1,-3.7133455654102,3.73605138197498e-28
TMEM35,-3.722345573938259,3.7739497562433476e-28
GGTA1,-2.884491710728293,4.3499369844426695e-28
DHRS9,-5.035204869520718,4.430333387688375e-28
NCAM1,-3.214400409346746,4.63759908874458e-28
GRIA4,-2.6347448064130994,4.767855065112387e-28
SLITRK2,-2.299653249189835,4.77340749066717e-28
TESC,3.6970745096367033,5.058518889141389e-28
PDE9A,-2.918508135766676,5.350053680423108e-28
SLC4A11,3.631496921371313,5.394197766013417e-28
FMN2,-3.795539280231963,5.5587637332902175e-28
ACACB,-2.074813738700323,6.177145367216076e-28
PPP1R14A,-2.348557888453006,6.3996614941756105e-28
IGFBP6,-2.501820970492923,6.6983214513145e-28
SDPR,-2.831654835408493,6.710898108945569e-28
SIGLEC6,-2.639930726590481,6.88331211644641e-28
FMO5,-2.354962050144975,7.058484327418411e-28
MEX3A,2.6689108562169466,7.1336583772677e-28
SLC35F1,-2.2671450281425862,7.27236838567052e-28
TCF21,-2.6202344533515234,7.338808742533472e-28
SCN4B,-2.6247622974586395,8.549144563509788e-28
KCNK3,-3.4470418130649843,8.690431010327798e-28
PAPSS2,-2.2626224287907206,9.49372220032836e-28
CD209,-3.192766322701689,1.0083386302867358e-27
MLXIPL,3.0317117516629697,1.0755890154684066e-27
SEZ6,-2.43555991813065,1.089290096862637e-27
ZNF695,2.0717007334129303,1.1588384847559138e-27
DPT,-4.513176982773324,1.2406050583055567e-27
KIF5A,-3.3557751407129435,1.2614623214624404e-27
FAP,3.786315700153508,1.3921937394372687e-27
C1QTNF7,-3.173501338904993,1.3921937394372687e-27
LOC100190940,6.108843714821763,1.5872814491459078e-27
RGS9,-2.574764207743474,1.7976717101685682e-27
CCDC78,3.108511572573769,1.889404850935423e-27
ZDHHC22,-2.0600738018079485,2.2083664412463043e-27
MMRN1,-4.163190678833362,2.3260054130321045e-27
SCUBE2,-3.198001620330892,2.5918743325398296e-27
DISP2,-2.385619392802327,2.9949163032997342e-27
LGI4,-2.768528901586211,3.0976677650359254e-27
CA9,5.28917911478765,3.2159455287264257e-27
SFTA2,4.074351603274773,3.5446410350175045e-27
CNTN3,-3.8580006907726463,3.6444095650089456e-27
CASQ2,-4.877285681391781,3.6979547486607166e-27
DPEP1,5.215142017738349,3.811894191239848e-27
GPER,-2.8030356728637216,3.873709110932532e-27
SCIN,-3.314104212860311,4.075959694181181e-27
TUBAL3,-3.288983771106949,4.182310083401091e-27
SCNN1G,-4.011647893569846,4.2028834171835436e-27
GAP43,-3.6262523878560486,4.7435149877051346e-27
IGSF10,-3.203437429643525,5.050836269601049e-27
HBB,-3.675898499061916,5.0694401563203686e-27
CYP4B1,-2.8775048609926666,6.019410518949708e-27
STC2,3.571952566945248,6.1326329373040566e-27
CD36,-3.394495215759852,6.3462066037913076e-27
FABP6,4.720952072317925,6.442497411887272e-27
GNAO1,-3.436940474159992,6.739434851162223e-27
KIAA1683,-2.3439672096196498,7.448937914399897e-27
ITGA8,-3.1159481408835057,7.470588731665458e-27
FOLR2,-3.240552635169708,7.561738461645736e-27
UGT1A7,-2.3923837711069416,7.835092812405785e-27
CD300LG,-2.835140695889477,7.937278861265552e-27
LUZP2,-2.97223009551424,8.406875002306952e-27
LGALS9C,-2.8244177213030905,8.818297995239826e-27
RBPMS2,-3.27300030701006,8.935501122829563e-27
ADORA3,-2.529919571891525,9.988328343167116e-27
CD1D,-2.154974629029509,1.0508947325035955e-26
PLCXD3,-3.341180283131502,1.0747544096165194e-26
BEND5,-2.605647108988573,1.1837011098777675e-26
FRMD3,-2.9434426573426613,1.230948143200539e-26
FCER1A,-3.042740585024733,1.2321729575222059e-26
EYA2,-4.079496827562686,1.2346358448463987e-26
PAQR5,-2.349036491557232,1.2695650301624204e-26
WDR17,-2.714842060378646,1.2932951594898103e-26
ZNF835,-2.101584393655127,1.2932951594898103e-26
C7,-4.761873605662628,1.3563882170868524e-26
BTNL3,-3.74378144294729,1.4327595364471058e-26
RNF183,2.717796699641823,1.447918987397234e-26
SFTA1P,-2.091044849053386,1.526498544998905e-26
LONRF2,-3.9488724799590624,1.548378035407956e-26
ABCC8,-2.519696716697936,1.7721384049310026e-26
CELF4,-2.3697108476888946,1.9184630264691598e-26
CEND1,-2.0424020979021,2.0096881644043034e-26
PAMR1,-2.0822310421285994,2.0119612323961595e-26
CFP,-2.424917422821081,2.0444996008223886e-26
ARL14,-2.359436440388881,2.3176583416327432e-26
C10orf105,-2.0730157683779646,2.3808548557640555e-26
FCER2,-3.794590184206038,2.400414558919559e-26
SEMA6A,-2.982623955312976,2.5145298489992e-26
FOXF2,-2.4694679856728587,2.659803890683307e-26
FAM189A2,-3.011131425891179,3.4439078921357973e-26
UCN2,2.5400921030189303,3.560298035607491e-26
PEG3,-2.795454050827219,3.7629749822754e-26
COL4A6,-3.172532338393315,3.817017178325152e-26
HOXD1,-2.948142384444824,4.1109490253337686e-26
MGC14436,2.696011768719085,4.225080379011873e-26
GAD1,4.0221809568480325,4.492274277268591e-26
SCN3A,-2.626172249701519,4.665134618767248e-26
TTLL6,-2.831479140371824,4.866258703836947e-26
HIST1H1C,-2.047061743134916,5.328031904863775e-26
GFRA1,-3.689399616237424,5.500639962377783e-26
LCN10,-2.474777477400649,6.317225241858834e-26
GJB4,3.4927403888794104,6.382387343304588e-26
GRIK5,-3.077700827221562,6.382387343304588e-26
PTX3,-2.309229498550227,7.122726445292563e-26
CHGB,-4.433748891352551,7.207828649858241e-26
RPL10L,-2.6274308545113407,8.260478715164878e-26
SCGB2A1,-3.521104485758146,9.72308089227908e-26
RICH2,-2.6525286116322686,1.0034603440657724e-25
ADAM12,3.689129549718571,1.0217021044537052e-25
CORO2B,-2.776470518505886,1.0489964172919397e-25
PRKCB,-3.054256754221388,1.0571596743877785e-25
RASD2,-2.6217968275626733,1.0960672492255595e-25
BTBD16,2.50678340440048,1.1057634196125667e-25
SLC6A15,-2.593295249872079,1.1713442228431549e-25
RPL36A,2.135328176701349,1.2374531014501226e-25
VAT1L,-2.4926754988913498,1.2478956838169029e-25
RGS13,-3.169228296094148,1.3319286738230684e-25
PABPC1L,2.7651000767525185,1.547342192957631e-25
KIAA1211,-2.1830307265904825,1.6070588946021392e-25
ZBTB16,-3.5403011853999686,1.6614833062795089e-25
ADRB2,-2.4631884274262297,2.159881750981645e-25
LRMP,-3.185730189322869,2.1612697808172757e-25
ITM2A,-2.509905909943715,2.2160818461468027e-25
MYLK,-2.895718275626807,2.4191405104012317e-25
SLC18A3,-2.323050801637388,2.683972574160374e-25
UGT2A3,-5.416765828074365,2.740388356249316e-25
SULT1B1,-3.2729221132526023,3.7015671530614103e-25
MYH11,-4.421860549206899,3.719675241349001e-25
CHL1,-3.3199072659048303,3.738183484864733e-25
JPH3,-2.258872036500087,4.0013786078727183e-25
MAOA,-2.361672531127409,4.7149883508278045e-25
KIAA1045,-2.141763346409688,4.815682619741419e-25
IL23A,2.6476248251748244,4.888931449397149e-25
KIF5C,-2.3834859372335,4.967370480372131e-25
CST4,3.3475426488146,5.3772773360797305e-25
MPP6,2.1251772130308693,5.703214679611116e-25
SNX32,-2.623090133037692,5.896073261539373e-25
TG,4.045494269145485,6.368326250164703e-25
HHLA2,-3.4617933225311184,6.773763050660098e-25
PCSK9,2.906783353232142,6.773763050660098e-25
S100P,2.6424921200750457,7.704232307762187e-25
LEMD1,3.960456805389728,7.724682676190503e-25
PRKACB,-2.299266416510319,8.522702561129884e-25
C8orf80,-3.1298310506566613,8.717416371767218e-25
JAM2,-2.89639653760873,9.025412482511551e-25
PDZRN4,-3.851894047416,1.0118358407080203e-24
LRRC19,-3.4865838222752874,1.0288499687098306e-24
VIPR1,-2.1297328586048003,1.054441515598153e-24
DIRAS1,-2.755129148899882,1.0833147594707678e-24
SYNM,-3.9494664676786577,1.0845330669402656e-24
FAM46C,-2.391241685144129,1.1936297233802454e-24
AGTR1,-3.625603232133722,1.2479524574287732e-24
SYN2,-2.913348302916597,1.3944399809075982e-24
SELENBP1,-2.771149223946786,1.549469218850974e-24
SPERT,3.1411174910455397,1.6271398848833172e-24
TRHDE,-3.2020717806583634,1.742432470816065e-24
STK31,3.1307377025413627,1.906656951361996e-24
CYP2B7P1,-2.6387850332594267,2.1082128619092877e-24
CREB3L3,-3.6726822957530274,2.1797786206502063e-24
ENTPD8,-3.5618081613508465,2.2053938798551552e-24
RBM20,-2.315296230598668,2.2332989514458195e-24
BCAS1,-3.0567832935357355,2.2388211037016367e-24
MORN5,-3.014126675763261,2.4770171105802884e-24
VIP,-4.97732226675763,2.7402888940902423e-24
GDPD5,2.263181647620669,2.9727882039887397e-24
PLA2G10,-2.4390043578372804,3.597390774822261e-24
ADRB3,-2.1143000341122296,3.82401919011085e-24
SNAP25,-3.166006242537949,4.090538245037187e-24
CD200R1,-2.312761214395361,4.148636459977495e-24
SEMA3D,-3.3684549718574117,4.3723027873684195e-24
DPP10,-4.296904306668942,4.4775425145690304e-24
PTGDR,-3.7714689067030567,4.4807868499942825e-24
FAM70A,-2.728879771448067,4.481854479465728e-24
SNCG,-2.4527346665529555,4.481854479465728e-24
LHFPL4,-3.382787062937062,4.5969009128287686e-24
SEZ6L,-2.254365427255672,4.9307383908149074e-24
CCL28,-2.7582226249360344,4.971558381600058e-24
BMP2,-2.2090358178406904,5.2403032118214134e-24
KLHL34,-3.201413005287395,5.5734258132239654e-24
TCEAL2,-3.5805910796520566,6.3704089568994985e-24
RELN,-3.656015486952073,6.820817543788419e-24
SIGLEC8,-2.859280180794813,6.843144772049877e-24
LMOD1,-3.3648785775200523,7.124806934508574e-24
BMP5,-3.630349633293537,7.927426363555946e-24
AKR1B10,-4.477592930240489,7.979128701542681e-24
CARD14,2.1243866194780847,8.095192732823283e-24
PCK1,-3.5917570868156226,8.134638852490658e-24
ADAMTSL1,-2.585119708340432,8.180740984042592e-24
NTRK3,-2.508766885553471,8.570223340698296e-24
HS6ST3,-2.2580347091932444,8.780666175394517e-24
MAPK15,3.1790507760532165,9.350958083492904e-24
SLC10A4,-2.130825814429472,9.725595634039445e-24
TRIM9,-2.8187062510660046,1.0520335712051869e-23
MOGAT2,-4.0698128944226495,1.0896072190261981e-23
GRIA1,-2.067244362954119,1.1050322088509902e-23
XDH,-2.968071098413782,1.2647239940869678e-23
GPA33,-2.2882435954289573,1.3067523941439945e-23
LGALS2,-3.728580445164584,1.4215306228327696e-23
ADAMTSL3,-3.4189452498720776,1.6381557211171274e-23
POU5F1B,3.108308818011261,1.6705956333278814e-23
GYPC,-2.038713679003924,1.702524059162288e-23
SYNPO2,-3.613769043151976,1.737425377190743e-23
SLC2A4,-2.374455995224288,1.7510229663064506e-23
STC1,2.257592350332593,1.7582845254496698e-23
SGCA,-3.4498844959918142,1.8595728628112552e-23
VSNL1,2.4667996844618774,1.9100211788985373e-23
MPEG1,-2.6154433992836417,1.9711071429085365e-23
ZNF671,-2.0000017823639755,2.2166804471579042e-23
MT1E,-3.4442497271021626,2.255357370003034e-23
ASXL3,-3.054408144294732,2.258679803429984e-23
CYP11A1,-2.0257132611291144,2.325373874983024e-23
S100B,-2.595800972198533,2.6711834270683043e-23
TLL1,-2.8616924015009397,2.7376938170429386e-23
RSPO1,-2.4218552106430167,2.902074320903063e-23
GCNT4,-2.4789350247313657,3.014595611569448e-23
STAP1,-2.765780538973222,3.117292145987279e-23
ZNF229,-2.191800332594236,3.458954438765631e-23
PGR,-2.658851697083406,4.1192661810840217e-23
IRF4,-3.1942886406276703,4.128533885833338e-23
SVOP,-2.406416817329012,4.145294115089229e-23
CCL13,-3.857752370799928,4.490249052731532e-23
MIR17HG,2.1633881801125723,4.5890065900190106e-23
TLR9,-2.1391200665188483,4.6678376637957553e-23
DHRS2,3.052408050486098,4.970908826991296e-23
DAAM2,-2.1383800358178418,5.320029897258181e-23
LY9,-2.8310093552788684,5.61218016746453e-23
NOX4,3.0280894507931126,5.868555884258302e-23
C1QL1,-2.0907446614361294,6.350820392003858e-23
IL8,3.4631567456933414,7.066939800469085e-23
KCNA3,-2.849399573597136,7.254718826990144e-23
TFR2,2.637790985843424,7.680754614518286e-23
UNC5CL,2.091886201603277,7.722412091020035e-23
KIAA1239,-2.599887694013303,8.213293086382445e-23
PTCHD1,-3.079555031553814,9.893990978126684e-23
UGT1A9,-3.785249411564042,1.0003205983238236e-22
NKD1,3.919084504519871,1.119240663913888e-22
HRNBP3,-3.4064902524304963,1.1475490604522142e-22
OTUD7A,-2.1300256609244435,1.160957210114448e-22
ATP2A3,-2.12564094320314,1.221542676107788e-22
MMP3,4.525638922053552,1.245443113540952e-22
PDE1C,-2.046645411905168,1.4248882125223045e-22
KRT23,5.459117184035476,1.4393767311698801e-22
UGT1A1,-4.054895608050487,1.4393767311698801e-22
ASPHD1,2.080793271362783,1.4474681635312794e-22
CHI3L1,3.4770977912331533,1.6359323124554975e-22
NR3C1,-2.066872744328844,1.7191726263127957e-22
BEX4,-2.257616220365001,1.9974549263809305e-22
SHE,-2.093664241855703,2.018795517552457e-22
HTR3A,-2.836338947637727,2.0821510521564853e-22
HSPB8,-3.0235095514241905,2.1346985557851345e-22
TLX1,3.1791710643015536,2.136018871267373e-22
LRRC66,-2.0354847347774188,2.172825860273048e-22
GSTA1,-3.928532338393312,2.2623864306331183e-22
PGM5,-3.6150282534538665,2.404076299411312e-22
NDN,-2.1201097219853304,2.70162589284678e-22
ATRNL1,-2.8421157172096194,2.703171049481675e-22
ATHL1,2.3935466399454253,2.718780956669148e-22
HLF,-2.2322720620842578,2.7531951455319383e-22
PGM5P2,-2.119974458468362,3.012295418134061e-22
RBP5,-2.2334797202797194,3.1086963722516414e-22
PPP1R12B,-2.109388001023365,3.171915635473189e-22
F13A1,-3.683147074876348,3.3632904461928105e-22
HSPB3,-3.1837426402865434,3.4469987410906897e-22
MYOCD,-3.2042744328841897,3.5066205247242797e-22
HSPB6,-3.864062109841382,3.6230198262969207e-22
CCR2,-2.9440410625959395,3.63415696964468e-22
MFSD4,-2.441042162715335,3.6779086212268243e-22
ENTPD3,-3.038236261299676,3.69061383699238e-22
C1orf95,-3.750814028654273,3.853212229768201e-22
ADAMTS6,2.039339953948492,3.895363305095345e-22
COL29A1,-2.4034306242537946,4.025408357848709e-22
C8G,-2.8663741173460706,4.0699627217520336e-22
GPR172B,-2.8139035817840696,4.1214750601558873e-22
VPREB3,-2.644924211154697,4.175480334899735e-22
IL11,3.356682943885384,4.197958006202784e-22
LRAT,-2.2373715930411047,4.989785592986893e-22
CXCL3,2.729318983455567,5.414347821475163e-22
WSCD2,-2.926045386320994,5.446017898266939e-22
TPO,-2.5016424185570534,5.688912134787903e-22
CEACAM3,-2.3155251066007154,5.797864396634076e-22
RCSD1,-2.0150196230598665,5.943751136481531e-22
MGAM,-2.5314660753880256,6.119220554513241e-22
CNTNAP3,-2.680258587753708,6.156726739233688e-22
KCNMA1,-3.5463311018250048,6.37446025204253e-22
ABCD2,-2.256243186082211,7.0250637808628325e-22
PPP1R1A,-3.551581127409174,7.217661674692445e-22
TACR2,-3.3190814429473035,7.234578013912227e-22
PRKAR2B,-2.4946054835408478,7.498930576454049e-22
EDIL3,-2.632357291488997,7.538512111240768e-22
SH3GL2,-2.5052339757803184,7.573184562756728e-22
NECAB1,-2.314874432884189,7.808039079546263e-22
MS4A2,-2.880948285860481,7.873144103115003e-22
LGI3,-2.200783498209108,8.467854325816205e-22
HIF3A,-2.75663748081187,8.922197269570858e-22
SLIT3,-2.833103632952412,9.18917110413235e-22
CXCL1,2.7122624083233777,9.220154346551426e-22
FLT3,-2.326007598499064,9.274558864081334e-22
LMO3,-3.844646085621696,9.284142067260556e-22
SYNGR1,-2.593706975950876,9.334585474690157e-22
BLK,-3.425302132014327,1.0227095445732482e-21
NTNG1,-2.379607888453009,1.133001901466497e-21
WNT2B,-2.030713644891697,1.1840955694470657e-21
RNF43,2.051854886576825,1.2602013088714384e-21
SLC9A3,-5.034243902439027,1.2821675814455185e-21
CA12,-2.697062493603962,1.3328323456278486e-21
REP15,-3.4153924100289963,1.4381099108737489e-21
KIRREL3,-2.4255231877878227,1.5462439413226903e-21
SH2D1B,-2.099051628858946,1.5593631231686485e-21
KIF26B,3.0734973989425227,1.6734324534481246e-21
SPTBN5,2.823874347603617,1.7377862253812285e-21
EDN2,-2.776263252601058,1.8729650496736337e-21
PCP4L1,-2.9270231280914203,2.144354530710261e-21
NACAD,-2.1715355023025795,2.2956330560960866e-21
KIR2DL4,-2.5574535391437827,2.352071532537516e-21
ZNF492,-2.1921260191028487,2.363423324675983e-21
LOC389791,2.063758545113424,2.383383212233363e-21
TCEAL7,-2.1149923247484246,2.518437357618237e-21
SETBP1,-2.2371353146853146,2.5697209856820998e-21
OLFM1,-2.53309822616408,2.6867169883926227e-21
RND2,-2.2710864915572224,2.7064779202279798e-21
FABP2,-4.245323017226673,3.054767892080456e-21
LEF1,2.061103436807094,3.085620133784995e-21
CCL8,-3.333316877025416,3.1121941766250145e-21
KRT1,-2.4627623400989256,3.316248789381273e-21
CYSLTR1,-2.2378903888794115,3.3806809408857574e-21
LRRN4CL,-2.1599036841207555,3.413910041685401e-21
SIGLECP3,-2.176775899710047,3.428411681140463e-21
LYNX1,-2.534881349138661,3.5510235441357216e-21
RAET1L,2.667290431519701,3.996090647490335e-21
KIAA1644,-2.948745940644722,4.5194083727944615e-21
CES3,-2.857825336858264,4.8047116227381184e-21
B3GALT5,-3.5172925976462555,4.879175075524119e-21
CP,-3.924101748251752,4.9303535212616616e-21
C19orf45,2.1903916254477243,5.235425014087904e-21
RNF150,-2.9960023793279897,5.316095744976335e-21
LOC389332,-3.285378679856726,5.7512707083876776e-21
NRG4,-2.0458851270680527,5.801830694207344e-21
RASGRP4,-2.248646264710895,6.095004655624372e-21
PSD,-3.2843573000170565,6.134534116498489e-21
TPSG1,-4.010498115299336,6.2100482080774266e-21
WNT7B,3.2185943629541187,6.400899992522746e-21
FAM95B1,-2.583769111376426,6.6830563877955166e-21
IRX5,2.853704383421456,7.886943811493036e-21
NEK5,2.2077522258229583,7.913956942727585e-21
GPR34,-2.191286389220534,8.20966003517875e-21
CCDC129,-2.4134212348626978,8.299186472833381e-21
PIGZ,-2.238950341122292,8.807283445632452e-21
REEP2,-2.266515785434077,9.060185607734902e-21
CLU,-2.697529080675414,9.361966054707906e-21
WISP1,2.5453945420433177,9.741966640095871e-21
HAND2,-3.7460298055602896,1.0306413462412888e-20
PLCG2,-2.2555791147876505,1.116218177922968e-20
OR2W3,-2.5252198447893552,1.1841299575357159e-20
AMICA1,-2.184337097049287,1.4108020248440262e-20
HSPA2,-2.072168676445504,1.421116890004189e-20
SCN3B,-2.38243053897322,1.470427645427472e-20
FGFR2,-2.8590156745693323,1.545467418264097e-20
KCNA1,-2.1264227784410714,1.613107172510199e-20
SLC22A17,-2.1278417107282905,1.630585799997084e-20
PNOC,-2.697418036841209,1.6408131251367192e-20
C7orf58,-2.507041250213204,1.8150494869740775e-20
KCNG1,-3.049229114787652,1.8490086799348942e-20
CHRM4,-2.0309140201262146,1.8843293225565783e-20
SHISA3,-3.0371579225652403,1.9248839751217864e-20
FAM163A,-2.099850144976975,1.934489616670545e-20
TMEM130,-2.6234907214736483,2.026803554913796e-20
MYO1A,-2.3715452328159703,2.0276563443847834e-20
SSBP2,-2.1238174484052523,2.111676854960152e-20
ANKRD35,-2.149216484734776,2.1120350987412646e-20
SYT5,-2.2583089971004595,2.183773469664825e-20
KCNQ5,-2.4454952072317915,2.1862496687212896e-20
GRIN2B,2.2917201432713616,2.2766479706836867e-20
FCRLA,-3.1883350588435944,2.4360349003708068e-20
FCRL2,-2.9684157427937925,2.51235201788871e-20
KCNK2,-2.4369375149240997,2.5537044033760875e-20
PRHOXNB,-2.155791028483712,2.5778267584143463e-20
TMEM105,2.309326590482688,2.6370515709312782e-20
NKX2-2,-2.520802669281939,3.3117227385873656e-20
KCNK10,-2.6064800699300754,3.323079872041973e-20
ACTG2,-3.546025635340269,3.410280117395348e-20
SLC9A2,-2.7486296008869164,3.513876883027009e-20
GHR,-2.71297474842231,3.603322466858384e-20
AZGP1,2.5644198533174105,3.742420931142239e-20
C5orf20,-2.342715819546308,4.147826758808644e-20
NKPD1,2.018244422650519,4.150500047174728e-20
CILP,-4.0775091335493805,4.250596752147475e-20
ZNF385B,-2.37898847006652,4.2665089608952335e-20
APOB48R,-2.166729942009216,4.43318865596406e-20
CLEC5A,2.8322033174142964,4.496431709534615e-20
UCN3,-3.0614846409687875,4.5231105348865424e-20
OSR1,-3.030879831144463,4.6177479073386037e-20
PDE3A,-2.8920648899880605,4.697291156232833e-20
CNN1,-3.4881128944226543,4.7058288270495755e-20
KCNMB1,-2.910142904656321,4.836124296456988e-20
UGT2B15,-4.551620561146174,4.921524176691145e-20
OMD,-3.3790957359713465,5.208919788963138e-20
MFAP2,2.139977511512882,5.840071949793897e-20
CHRDL1,-4.363363295241343,6.098565009811101e-20
ATP6V0D2,-2.448810097219858,6.213291905368361e-20
XCL2,-2.0137927340951745,6.548703165214451e-20
DNAH2,2.656914020126216,6.553348688910302e-20
LIMS2,-2.1321457274432856,8.569303393964233e-20
KLRB1,-2.589580402524305,8.727843839069525e-20
VWA3B,-2.1146856984478943,8.82017378512285e-20
BVES,-2.2912968105065623,9.309481167539425e-20
MB,-3.190644857581444,9.693992390891776e-20
SEMA3G,-2.083021482176368,9.84804530703772e-20
PCDH9,-2.325580931263857,1.0630326720020724e-19
KIAA0125,-3.3360546307351178,1.0758118299954864e-19
CLCA1,-7.055106865086135,1.0863767547978922e-19
CCL14-CCL15,-2.1189702029677697,1.1164464878053244e-19
COMP,4.999982278696914,1.149775369200097e-19
KIT,-2.4720224799590644,1.2401205259729996e-19
SIX1,2.397854050827222,1.4162248461966085e-19
XKRX,2.0275889561657845,1.4192791006962514e-19
NPR1,-2.1453398260276275,1.4852500511080305e-19
HEPACAM2,-4.673140073341293,1.5005593030468657e-19
SHH,2.0109777758826546,1.6882127809479525e-19
ADAM33,-2.9546391437830453,1.730329676785788e-19
MST1P9,-2.677042589118199,1.7933839417656508e-19
SALL2,-2.268010566263009,1.8283169432558664e-19
LILRA4,-2.1748131843765983,1.9394635659415337e-19
PPP1R16B,-2.1476555347091946,2.0875356181083581e-19
PCSK5,-2.1889907555858805,2.5807502777472774e-19
FABP4,-4.061974705782022,2.6003834681881965e-19
UBE2QL1,-2.34732031383251,2.7746070369266035e-19
CLDN11,-2.5994190516800213,3.4531821567236763e-19
MEIS3P1,-2.080451066007168,3.489195805034668e-19
CYBRD1,-2.171962920006824,3.5843353017559413e-19
ITPKA,-2.015523059866963,3.673089033149002e-19
PTPRT,-2.1408474330547484,3.7223552488979043e-19
VSIG2,-4.933026667235204,3.775879204546965e-19
MMP1,3.680565231110356,4.0958547402525654e-19
SCG2,-2.7362647705952563,4.1403206563616123e-19
MFAP4,-2.737363380521918,4.339199110111946e-19
PAPPA2,-2.380649027801466,4.367606348677104e-19
CASP5,-2.6119263346409705,4.50136804507323e-19
NLGN4X,-2.2689022172948983,4.603791244025262e-19
KY,-2.012843808630393,4.63790273378699e-19
FAM55D,-5.019458238103359,4.787680835508911e-19
CYS1,-2.2190067030530525,4.829641009473962e-19
CNR2,-2.0926497271021667,4.894709724473964e-19
KLC3,2.357609969298992,4.947525145278699e-19
KRT20,-3.612011964864397,5.124174613074314e-19
TPSB2,-2.8277209704929165,5.548119738808507e-19
FAM150A,2.974098200579907,5.623400280998082e-19
FER1L6,-4.346977937915745,5.671412325079377e-19
CRYAB,-2.335839723690952,5.693883483143945e-19
CRABP1,-3.12588596281767,5.796636885310536e-19
PPP2R2B,-2.129400272897833,6.880971600838622e-19
SERPINA9,-2.436486474501109,7.019973026275495e-19
TNNI3,3.2510169367218102,7.73045082201571e-19
NPY1R,-3.229494303257715,7.999275231482602e-19
HDAC9,-2.2842398857240296,8.125847759143666e-19
C20orf46,2.4154389646938443,8.379593667726434e-19
KRT6B,4.557087659901073,1.0211934952260727e-18
JPH2,-2.729046597305131,1.0388838509636789e-18
GCNT3,-3.0994294388538304,1.0767004036698198e-18
DMBX1,2.8703876769571868,1.0838641124972088e-18
CD48,-2.254279319461024,1.091533970612655e-18
CLIP4,-2.2918489254647776,1.4274780203486714e-18
DES,-4.72490730001706,1.4622915261660717e-18
STXBP5L,-2.0970216271533357,1.4693154119934382e-18
PLN,-3.155554144635853,1.576146588685017e-18
BGN,2.378768821422483,1.6093602781445249e-18
RGMA,-2.875553470919324,1.752447245851628e-18
KLK15,-2.6828502217294883,1.7529915192735726e-18
BTLA,-2.1006739808971515,1.781623743198178e-18
THRB,-3.03369230769231,1.8164736388899727e-18
C10orf81,2.176572727272725,1.854008741563582e-18
IL1R2,-2.7688626982773235,1.9107804943458157e-18
ZBTB7C,-3.0900943629541224,2.0760731804152544e-18
CD79B,-2.496833293535732,2.208925671660538e-18
KLK10,3.905988751492411,2.3288480188547813e-18
MAB21L2,-2.92141668940816,2.3404595969115812e-18
CD79A,-3.397799872079136,2.3560889493685618e-18
TLR7,-2.319431724373187,2.373614618436298e-18
TLR10,-2.5596779634999147,2.381433165743699e-18
MYL9,-2.3736231110353074,2.393828514465613e-18
CDH23,-2.0716555005969632,2.6671447602267843e-18
CLEC17A,-2.200743680709534,3.1059412150960127e-18
CHRM2,-3.349591318437663,3.220231543901689e-18
CD27,-2.4034383421456544,3.3297441293521394e-18
FAM132A,-2.5003800017056115,3.412360758087549e-18
SI,-4.99456603274774,3.603408588501916e-18
GAPT,-2.229954067883336,3.6231331566097626e-18
SLC17A9,2.1604328841889817,3.7973592172330004e-18
CLCA2,-2.8443938256865104,4.0849226753162376e-18
PPARGC1A,-2.2441635340269483,4.144873699684166e-18
KCNN3,-2.1066025413610783,4.202673035199716e-18
EEF1A2,-2.9734966228893067,4.2123224442590855e-18
FCGBP,-4.448618753198019,4.46487481438958e-18
DACT3,-2.2325437659901084,4.965621886821351e-18
SPARCL1,-2.148752592529414,5.406805839454696e-18
FXYD6,-2.2012498209107934,5.565799129301042e-18
ADAMTS12,2.895440832338399,5.592759172713889e-18
NCF1C,-2.6246415913354944,5.682844463370343e-18
EML1,-2.087645454545454,5.8557960056172425e-18
ZNF257,-2.187417627494458,5.869343727154091e-18
AOX1,-2.73537582295753,6.180265491542046e-18
SCRG1,-2.98021494968446,6.2524459948619115e-18
AKR1C2,-2.2050072914889998,6.2525651949958935e-18
RASGRP2,-2.2210747740064765,6.3396288565454736e-18
MEI1,-2.070752797202796,6.951569861294217e-18
DPYD,-2.4166487634316924,7.195940071455892e-18
C14orf132,-2.309720782875652,7.252169936581815e-18
MFAP5,-3.4614710387173755,7.400685607864467e-18
LRFN5,-2.062715691625448,8.34321444824392e-18
SP5,2.805165563704583,9.388018167902967e-18
TNFRSF6B,2.907347646256186,9.45804034716684e-18
ADIPOQ,-4.366601833532322,9.789104681252632e-18
PALM,-2.2493921030189314,9.877110464033346e-18
ASCL2,2.8415953948490635,1.112156974953504e-17
LRRC36,2.654727085110012,1.1425479222338966e-17
KAL1,2.537183754050834,1.3201709203605839e-17
NRAP,-2.4989562254818347,1.3261750879927465e-17
AOC3,-2.498407641139352,1.4281514665281634e-17
LOC286467,2.9268048695207227,1.5158685705430744e-17
CDHR2,-3.0642246375575564,1.5181505703114015e-17
FAM13C,-2.0578550912502136,1.6078481802476726e-17
MASP1,-3.720762621524819,1.866735094679296e-17
NBEA,-2.6726188640627635,1.9500605633021336e-17
DARC,-3.3407104127579714,1.9998672396638918e-17
ITLN1,-5.852966297117512,2.0841323083125888e-17
KLK7,4.2422887685485255,2.1328450644070338e-17
B3GNT6,-4.827763244073001,2.147373066735148e-17
DNAH5,2.0431096281766994,2.1791765901527602e-17
SLC1A1,-2.131231434419236,2.2298575984306705e-17
PIK3CG,-2.419263141736317,2.337653883491175e-17
FLJ40330,-2.6481441241685144,2.4056636306310024e-17
PID1,-2.3322775967934533,2.484644453248528e-17
PTPRCAP,-2.0209539314344163,2.5690588922121305e-17
KCNH8,2.188782619819204,2.758616185948176e-17
CHRNA3,-2.788523204843933,3.033215311921889e-17
TUSC5,-3.0879378901586207,3.1094952072429506e-17
HBA2,-2.605846290295069,3.2109055305307706e-17
PRKAA2,-3.379547202797205,3.894760556261923e-17
FILIP1,-2.074986329524135,4.067518023477975e-17
NPAS3,-2.0012731792597647,4.1652967237386594e-17
GOLGA7B,2.0296273921200685,4.588540371411979e-17
TACR1,-2.4059546563192917,4.959821215439434e-17
TMPRSS3,2.579308493945075,5.623601763429927e-17
ADAM6,-3.8421965205526174,5.818347534886636e-17
TBX15,2.010965504008187,5.911414269083615e-17
PTPRR,-2.423482432201949,6.123977935565676e-17
CST2,2.720537659901075,6.354145692565e-17
FOXP2,-3.0910277332423672,6.501290457909646e-17
C16orf54,-2.347816305645571,6.69346507540693e-17
SHISA2,2.314732338393313,6.831766831569598e-17
TPSAB1,-2.6132846836090726,7.352084787058408e-17
NRG1,-2.3542817073170728,7.441516068711054e-17
MRGPRF,-2.28553207402354,7.594243465598375e-17
FKBP1B,-2.0874193160498047,8.598123626830842e-17
CHST5,-3.7639036926488094,8.764572919741614e-17
MEP1A,-3.2697221388367748,9.2585402926161e-17
CIDEC,-2.926480138154531,9.309992253080246e-17
C20orf194,-2.004441019955657,9.773852101200028e-17
SERPINE1,2.276961325260101,1.0344338557218267e-16
DEFB1,-2.8523473307180627,1.034658543679786e-16
RERG,-2.3262019188128926,1.1618736169334355e-16
CALB2,-3.4779347262493614,1.208977315507891e-16
ODZ1,-2.1639289015862198,1.2563285047559234e-16
OLR1,2.7641846153846177,1.2757800182954338e-16
SLC16A9,-2.572221610097224,1.4334220679946455e-16
CYP3A4,-2.9254564983796687,1.4663356772540187e-16
GLDN,-2.0503157769060207,1.509081539049161e-16
LRCH2,-2.0839591164932645,1.5441295625744923e-16
DLG2,-2.2192412416851437,1.5966253120167108e-16
C14orf64,-2.222070876684292,1.6002221114498595e-16
GALNTL2,-2.401298678151119,1.6116639930468974e-16
TACSTD2,3.3114551083063333,1.6263009831483612e-16
TUB,-2.174698285860484,1.634450623159425e-16
CKB,-2.779492810847696,1.7902020037049376e-16
KL,-2.1430684632440733,1.8507663162905531e-16
CHRNA1,-2.030244524987209,1.8570714549495382e-16
RTN1,-2.286891352549892,1.9262642625518867e-16
CXCR5,-2.7300350673716505,2.1926330630204516e-16
KRT7,2.620183148558753,2.1972597651998487e-16
CORIN,2.4949452413440256,2.3174918298094997e-16
GPIHBP1,-2.213911538461537,2.373939182013712e-16
SRPX2,2.4578503667064613,2.607471640627712e-16
TNFSF9,2.526034402183184,2.8604895703124167e-16
LEPREL1,-2.213159815793963,2.880964675881516e-16
ADCY2,-2.1709333532321358,2.961354649120641e-16
CMAH,-2.055232261640797,3.2067332947302843e-16
COLEC12,-2.5733672352038184,3.2830751337193196e-16
BHMT2,-2.27044785092956,3.41550874592293e-16
DPEP2,-2.0493570612314564,3.448131230556165e-16
PKP1,2.91595231963159,3.6963242411825764e-16
ISX,-3.295250255841728,3.784071264623156e-16
SPEG,-3.0236813406106062,3.8052870280135964e-16
SERPINA4,2.932988580931261,3.914977842522166e-16
HHIP,-2.5433049718574154,3.928521854987407e-16
CLDN14,2.2452096111205875,4.4086484924358444e-16
IBSP,3.0377986355108293,4.637103249556277e-16
TP73,2.134259014156574,4.856715964457931e-16
FAM123C,-2.190624151458298,4.919879849191046e-16
FABP1,-4.268526360225142,5.38900530544692e-16
UCHL1,-2.8081071038717385,5.590639866139593e-16
LOC96610,-2.9378245608050424,5.713933384287719e-16
RADIL,-2.0985705782022843,5.816318433772266e-16
C10orf128,-2.0219370714651186,5.890238876452058e-16
FAM189A1,-3.6140065836602417,5.996557612332277e-16
TCN1,4.565904818352376,6.004991801273011e-16
PCSK1N,-3.549812920006824,6.69384014391377e-16
IKZF1,-2.0811377878219397,6.773434540110868e-16
COL28A1,-2.340811112058675,7.044829942390054e-16
FAM46B,-2.084800315538124,7.492019075598722e-16
PLIN1,-2.8798967678662795,7.705041177773617e-16
PLIN4,-3.765215086133376,8.117574428549364e-16
ITIH5,-2.068457581442948,8.264461864677718e-16
ZNF471,-2.126161197339244,8.399055706962864e-16
TREH,-2.586146921371313,8.592394852356591e-16
GZMM,-2.1033452413440217,8.648992093030674e-16
NAT2,-2.34351876172608,8.756642834987432e-16
NGFR,-2.6780911137642853,9.00120482405647e-16
SLAMF7,-2.5485404144635853,9.342386422553648e-16
ZNF415,-2.123925626812211,9.529393053049202e-16
GABRB3,-3.2730597134572736,1.0290717195311124e-15
MEIS1,-2.0087275626812247,1.0290717195311124e-15
SIGLEC1,-2.538617115811019,1.0853225275768772e-15
TNS1,-2.2795826454033765,1.1713616614936725e-15
CXCL11,2.977446486440387,1.2067819433752661e-15
NAP1L3,-2.027107828756609,1.2724339583818253e-15
KIAA0748,-2.017491506054921,1.2969373386776277e-15
BARX2,-2.9044595855364195,1.3234784954662409e-15
MMP13,3.135812084257207,1.3460791799688334e-15
CMBL,-2.190256361930759,1.418698278194836e-15
ADRA2A,-2.4392798908408686,1.4280078748900644e-15
SLC13A2,-3.8925538461538434,1.4517463339520242e-15
AP3B2,-2.378680666894082,1.5245579420334026e-15
SERPINB5,3.2089643697765675,1.569689122611633e-15
CPA3,-2.93577446699642,1.6286716485040446e-15
CD1C,-2.209675933822279,1.7914701296053765e-15
CD19,-2.9015487890158584,1.8310383419914002e-15
MATN2,-2.0776781596452327,1.931481771890084e-15
IGF1,-2.6439581016544453,2.0882411764736915e-15
FBLN1,-2.2664336943544203,2.1079131813228178e-15
HBA1,-3.732335425550061,2.2104072848921856e-15
ROS1,-2.26427180624254,2.310893717501689e-15
TMPRSS13,2.687349744158284,2.438420031448791e-15
APLP1,-2.0377029592358844,2.618158525327068e-15
TM4SF19,2.133639493433396,2.6505336349581882e-15
POPDC2,-2.1454151799420096,2.832167818854393e-15
LTK,-2.884186022514073,2.856960553999483e-15
MAOB,-2.7374882483370278,3.1249858947286656e-15
KLK8,3.837077562681219,3.3197302055387e-15
NOS1,-2.2121163056455755,3.5367282874691588e-15
RHOF,-2.076803172437323,3.683391159504097e-15
DCN,-2.200645360736837,3.919354424172105e-15
DUSP4,2.6091377878219357,4.147554699776915e-15
PTPRN,-2.659033182670988,4.181705404814936e-15
KNG1,-2.604052967763942,4.575265718646461e-15
RBM24,-2.1003616663823994,4.70482138818095e-15
NEURL,-2.7774345898004453,4.879751117913948e-15
CNGA1,-2.0575533003581787,5.1126328733431285e-15
PDLIM3,-2.1125854937745085,5.385341430905879e-15
CCL19,-3.401502183182666,5.610930576780595e-15
SMYD1,-2.7712077008357525,5.809822321811532e-15
CD22,-2.8170178236397776,6.030066647831381e-15
C6,-2.182268454716016,6.370434453121572e-15
PAX9,2.5144985758144247,6.5422742979410586e-15
DRD5,-2.3015182329865267,7.0459694176232304e-15
COL1A1,2.275942350332592,7.107633350629551e-15
BTK,-2.095064531809655,7.241981879548367e-15
PPP1R3C,-2.197412416851442,7.5553190022001e-15
SGK2,-2.262324304963334,8.305147544601277e-15
MS4A4A,-2.1776338052191724,8.527079746125946e-15
P2RY13,-2.091372897833871,8.892157656282056e-15
LRRC26,-2.886899982943885,8.941172063370698e-15
DKK4,3.3375073426573434,9.081531719607e-15
HMGCS2,-3.877007794644381,9.797861345930711e-15
TMEM61,-2.367259943714826,1.0890908858173884e-14
SLC38A4,-3.0227142759679357,1.1215788368686526e-14
MGC29506,-3.2151760958553623,1.1302142991036374e-14
SNCA,-2.13955853658537,1.1840927792007296e-14
SV2B,-2.287632133719941,1.1852418628099342e-14
PRELP,-3.022148345556883,1.2011472975435361e-14
MS4A1,-3.4214403803513584,1.3255657478213264e-14
PHYHD1,-2.005581033600545,1.3284481344963749e-14
A2BP1,-2.3208378901586237,1.3384826854666034e-14
WBSCR17,-2.011016817329013,1.4036129810005418e-14
ENPP2,-2.063912416851446,1.5428100150189582e-14
GSDMA,2.279564693842748,1.571153206881693e-14
HDC,-2.119698806071977,1.578581895798044e-14
FCRL1,-2.4150201603274777,1.6423781323816984e-14
FGF9,-2.194965759849907,1.6519656189453902e-14
LGALS9B,-2.993103385638748,1.6951918802681327e-14
VIPR2,-2.323990422991639,1.7729058741501243e-14
POU2AF1,-2.867276786628005,1.9310834825727095e-14
C17orf73,-2.0555454374893447,2.1515307410286972e-14
FLNC,-2.444335024731368,2.1922255156192052e-14
MT1L,-2.120322249701517,2.2335331596334902e-14
MYEOV,2.503852396384099,2.234636806580085e-14
GP2,-3.7599695121951218,2.2713419874582976e-14
RFX6,-2.3848978424015,2.275393601198792e-14
FADS6,-2.7877062595940645,2.434480617742947e-14
D4S234E,-2.1701251492410005,2.4818023728642957e-14
NCF1B,-2.017631008016373,2.5779990365649484e-14
NAT8B,-2.628905014497694,2.8025655599636122e-14
TCL1A,-3.1008981494115635,2.9057934257474125e-14
SLCO1B3,4.220290303598839,2.9122621971086835e-14
FAM55A,-3.649426104383422,3.0964148787704346e-14
XIRP1,2.1396627238615054,3.269348405563754e-14
LY6G6E,2.12618840184206,3.3855057566317274e-14
C5orf46,2.2449059952242862,3.412148969027488e-14
CRTAC1,-2.4433754647791246,3.8251272753579624e-14
PNCK,-2.9734824236738886,4.1127627935491905e-14
ASAM,-2.304206796861677,4.2236388450265206e-14
LOC100127888,2.570742785263516,4.419478210920839e-14
CR2,-3.5737594320313804,4.4246628873772545e-14
NLRP7,-2.080299906191371,4.525207920001929e-14
NCF1,-2.2011710472454373,5.0205980770439286e-14
TOX,-2.142227869691286,6.625495590699534e-14
VSIG4,-2.314148882824491,6.684965596587337e-14
NEB,2.199156984478933,6.686972969222903e-14
RSAD2,-2.050024091761893,7.073091227652199e-14
SYNC,-2.054011709022694,7.847424844436532e-14
MSRB3,-2.0535418301210964,7.858398611682816e-14
FEZF1,3.291413679003921,8.105679862703965e-14
MAPT,-2.325005176530789,8.895597771280265e-14
ANO7,-2.16160418727614,1.0240736504857592e-13
NAPSB,-2.174400349650344,1.0857253970469455e-13
SLITRK5,-2.1018517908920344,1.2193765316424101e-13
CLC,-3.0717335493774507,1.2722951470099844e-13
MATK,-2.101471200750473,1.2763729607717072e-13
INSM1,-2.8881132867132884,1.961214754750663e-13
MRC1,-2.332194746716695,2.060503283387101e-13
CRLF1,-2.048764932628348,2.57373677757333e-13
L1CAM,-3.1171941071123985,2.6312249430944816e-13
NANOS3,2.450592640286541,2.6836447083142693e-13
GPR98,-2.0678900136448903,2.765900517381542e-13
TRIM58,-2.919926846324411,3.030268588561301e-13
LAX1,-2.085611691966564,3.185689432074081e-13
GGT6,-2.431576999829442,3.4959029325042653e-13
CYP2C18,-2.5468059099437133,3.521501289508698e-13
FAM55B,-2.534075157769059,4.276219705026535e-13
HAND1,-3.4121590226846306,4.360293060095086e-13
SLC37A2,-2.126960429814085,4.53980069316186e-13
MGP,-2.157000375234528,5.11932367136554e-13
FGF19,3.247226590482687,5.570629096448996e-13
CCL21,-3.1907238018079456,5.914550599339743e-13
CDO1,-2.0371563619307524,6.534950934388089e-13
TTR,-2.394465981579395,6.536035664631406e-13
ROR1,-2.050094524987206,7.298075114807714e-13
KLK1,-2.1087280658365994,7.439631937339775e-13
ONECUT2,2.0915860992665847,7.511419774927823e-13
TFAP2A,2.4986961538461525,7.645025430462592e-13
CACNA1B,-2.142781656148727,8.560472894609586e-13
CCL11,-2.3202537267610444,9.110676385577864e-13
TMEM132C,-2.7491815708681586,9.192770424922541e-13
SLIT2,-2.7608759508783907,9.619607615874957e-13
PLD4,-2.054498618454716,1.0144338318418345e-12
PPAPDC1A,2.524404707487637,1.0977387429967509e-12
RHBDL2,-2.2197934760361555,1.2091792943593364e-12
UCA1,2.9433315708681542,1.2534305894696721e-12
OTC,-3.0258730172266746,1.270943608153475e-12
KRT16,2.8933310250724884,1.3006493104624101e-12
DSCR6,2.3975951219512206,1.3034362584997657e-12
TRPA1,-2.5528949855022978,1.3114528151208479e-12
RETNLB,-3.418107931093296,1.3295170221110053e-12
HSPB7,-2.690910719768034,1.359527821392423e-12
CAPN9,-3.069613320825524,1.429572628590899e-12
SULT4A1,-2.4851342913184378,1.4609597070019509e-12
CXCL5,3.5132490619136947,1.635660720011646e-12
GPR128,-2.8945844789357027,1.808149097875156e-12
TDGF3,2.2317959150605504,1.9089273137187635e-12
SLC6A20,2.818100494627325,1.9142129315495505e-12
PAH,3.3828082295752995,2.0995767775199136e-12
SPON1,-2.3183508272215594,2.118309780607729e-12
DSG3,3.408948396725224,2.252270437072916e-12
NXPH4,2.7106912416851463,2.264645406273286e-12
LOC145837,-2.3267585706975957,2.386539090018675e-12
FCRL5,-2.7742643441923898,2.411907405415213e-12
LRRK2,-2.093713389049972,2.4221827236159088e-12
MS4A8B,-2.6306773324236765,2.611888871930848e-12
PIWIL1,3.364240141565751,2.812870560700906e-12
MIA2,-2.1893297714480635,2.856260842046873e-12
CPXM2,-2.2189976121439585,3.0171677557679155e-12
CR1,-2.5062222070612297,3.038673599529951e-12
ADAMTS8,-2.030918591164932,3.11561569723854e-12
DYNC1I1,-2.099270825515945,3.844691541727619e-12
PTGDS,-2.1471426402865363,3.87106974553103e-12
KRT75,2.917880914207741,3.926440708949913e-12
TF,-2.065014403888793,4.071594746262634e-12
TBX10,-2.7237255756438685,4.103421698827686e-12
FAM177B,-2.8742218318267088,4.211362367587804e-12
EFNA5,-2.213847305133889,5.225961632571718e-12
FMO2,-2.3854920859628157,5.73016210085551e-12
TMEM211,2.3904781255330043,5.731563292203049e-12
ATOH1,-3.069396111205868,5.761921812667055e-12
FCRL3,-2.2036548865768384,5.897149093899422e-12
MMP10,2.6252872420262663,5.992739128792621e-12
WT1,2.852506796861672,6.361137591209284e-12
FER1L4,2.3577543322531183,6.7629442977899894e-12
HRASLS5,-2.19042005799079,6.926959217956162e-12
CAPN13,-2.601953991130813,7.247938517564357e-12
AKR1C4,2.398563841037011,7.269563772754612e-12
MCOLN2,-2.0620941923929745,7.549189361440237e-12
MYADML2,2.397782483370291,9.114821983572307e-12
FRMD1,-2.706703513559611,1.0193246856939869e-11
UBD,2.2624217465461243,1.09058683940991e-11
ACSL6,3.165284385127068,1.177636969461276e-11
LGR5,2.2377160668599734,1.206021022005886e-11
C10orf99,-3.3638560549206837,1.2630737798628578e-11
CCDC80,-2.115431016544436,1.3244351379899731e-11
ADH6,-2.296787395531296,1.3247316406281142e-11
IL1A,2.091763525498893,1.4192305885836784e-11
SHISA9,-2.9487198192051824,1.4390337420010928e-11
C6orf15,2.9855118966399434,1.6403965806024455e-11
LRRTM1,-2.339535212348626,1.7029890259042688e-11
SULT1C2,2.290159056796859,1.7285968461728478e-11
TINAG,-2.3506287139689688,1.8791117575081604e-11
MATN3,2.0854135851952966,1.972350689703229e-11
C4orf7,-3.1258638836773,2.1228040773511907e-11
CXCR2P1,-2.0155094746716684,2.1550387653181623e-11
ST6GALNAC1,-2.13875973051338,2.208887433692314e-11
LOC554202,2.18887851782364,2.5940321709162697e-11
TH,2.0386852976291987,2.8224405083588178e-11
UNC93A,2.845313653419752,2.9043386739084815e-11
DDR2,-2.128787856046394,3.2549004930526956e-11
DTNA,-2.252068744669967,4.296539376530765e-11
PENK,-2.425305074194097,4.434123198523224e-11
CACNA2D1,-2.2022867218147715,4.452040686579472e-11
TDGF1,2.404933148558759,5.3326556490970494e-11
FCGR2B,-2.0899860480982424,6.143687189552779e-11
RPS6KA6,-2.513506958894763,6.49895626490154e-11
ABCB1,-2.3587999829438857,6.854103239764028e-11
PCDH20,-2.8917757206208448,7.123394809583734e-11
FCN1,-2.334814582978,7.428127393909098e-11
KRT6A,3.3060183182670952,8.784313587481772e-11
TMEM63C,-2.312854076411389,1.0704197548498952e-10
MYOM3,2.1394307351185398,1.0823001996454759e-10
PNLIPRP2,-2.784682645403379,1.1077879371786599e-10
PEG10,-2.456925891181992,1.1259487343264786e-10
SPP1,2.8591028057308554,1.1344426308393631e-10
KRT6C,2.3143030359884023,1.1669453157710915e-10
RSPO3,-2.113254596622892,1.34545526936731e-10
TREM1,2.224953786457448,1.3981139676886095e-10
KIF19,-2.421098499061913,1.5130034610856988e-10
SLC35D3,2.6655704076411384,1.5283897682132098e-10
PIGR,-3.74247245437488,1.5977440149530103e-10
SLC8A2,-2.116960387173804,1.7674809933224423e-10
FBLN2,-2.078142896128263,1.8193930096812327e-10
KLK3,-2.1169603018932284,1.9328260899134358e-10
APOB,-2.234186210131333,2.0232170554693583e-10
ALDH3B2,2.088794908749784,2.0433317332694228e-10
COL4A5,-2.120177298311438,2.1069403981903724e-10
PI15,-2.067326957189154,2.377097969830503e-10
CHRNA7,-2.2228308289271714,2.5528168612517675e-10
GLYATL1,2.1843455739382565,2.6011124593704303e-10
EPYC,2.677973324236739,2.6439915638462124e-10
SLC22A11,2.6514204246972555,2.725783608301676e-10
SLC15A1,-3.0173427596793507,3.6973195450668737e-10
CTSW,-2.110031511171756,3.7240742426100844e-10
PTGIS,-2.350952797202797,4.011863615892831e-10
RET,-2.074141241685149,4.018696046662178e-10
SLC28A2,-3.263378637216444,4.4336143467767635e-10
CBFA2T3,-2.087897876513729,5.077365225710814e-10
HOXB8,2.1818938683267968,5.145103764078756e-10
LY6G6D,3.984518838478593,6.690305298511134e-10
PCDHGB5,-2.056525558587757,6.959885646485663e-10
CHI3L2,-2.075678858945932,8.857942603293777e-10
KCNJ12,-2.1674179089203447,9.196134164207259e-10
MUC4,-2.7971945932116675,1.0099453564343979e-09
KBTBD12,-2.675179038035135,1.1824290839732891e-09
SLC39A5,-2.159495531297969,1.2077986937259396e-09
SNURF,-2.046931408835069,1.53646722322208e-09
PAX5,-2.191455185058844,1.5936011811078383e-09
PROM2,-2.1585165529592345,1.7084128596252026e-09
OGDHL,-2.337435007675249,1.8393386011334438e-09
CD163,-2.01709217977145,1.8574597271726842e-09
H19,2.470894831997265,1.967650848787712e-09
PGC,2.2265655892887586,2.0159117410401894e-09
ABCC2,2.303119162544771,2.064244640998591e-09
PNPLA3,2.079406523963839,2.159682627755256e-09
FLJ32063,-3.0123414122462933,2.1784855277076403e-09
PRSS33,2.53566666382398,2.2127105815362514e-09
DCHS2,-2.074707513218489,2.3222926765952363e-09
NELL2,-2.0565297629200057,2.496130106541571e-09
PLA2G2D,-2.4416506054920686,2.666187742575062e-09
EN2,2.578459645232817,2.7737579801802503e-09
MT3,-2.240103112740921,2.8289113210950957e-09
MUC12,-2.507322010915926,2.83133612060743e-09
SPDEF,-2.3669461794303226,2.991667749225078e-09
DACT2,-2.1971137131161536,3.362782524947676e-09
ZIC5,3.02225661777247,3.5298951437502812e-09
SPINK5,-2.0377657342657365,3.976624835899721e-09
CEL,3.2535628944226467,4.3725252786588954e-09
SOSTDC1,-2.4390791659559925,4.427785331262527e-09
SLC6A14,2.755678850417868,4.492750791703757e-09
GRP,2.068721755074192,8.0560587683973e-09
SLC3A1,-2.0220342145659256,9.807154276813081e-09
ZIC2,2.9815363380521944,1.3990401471806671e-08
SERPINA6,-2.4328425635340243,1.5295951906909327e-08
XPNPEP2,-2.74465888623572,1.7049599623315212e-08
PCDH19,-2.011500366706466,2.3608443227694673e-08
THBS4,-3.101804630735118,2.4677513107146317e-08
NTRK2,-2.3179991045539827,2.5070656619781988e-08
EVX1,2.0972920689067007,3.11761763001055e-08
C1orf125,-2.16434261470237,4.1796904351739546e-08
GABRB2,-2.127333225311276,4.2628070115354286e-08
GPR120,-2.0686507931093354,4.499669761320917e-08
TNNT1,2.5729496759338213,5.45678203449661e-08
AGR3,-2.073297961794312,7.17587268768819e-08
HABP2,2.251403829097731,8.737020208871758e-08
ELF5,2.752172957530276,9.336978852165093e-08
CXCL17,2.1243339843083757,1.0644660621546929e-07
CTNNA2,-2.2285286372164426,1.218615353502289e-07
KCNV1,-2.100891395190178,1.3328795882460444e-07
HS6ST2,2.293457035647285,1.5607075917362936e-07
IGF2BP3,2.260245522769912,1.725619525673263e-07
IGFL2,2.084753351526518,1.7360911166290258e-07
NLRP2,-2.757840610608904,1.882762922593157e-07
SLITRK6,-2.4950651884700674,3.028025268972589e-07
BRSK2,2.0761474501108603,3.631082917217713e-07
CHST4,2.399552200238784,3.795350641163314e-07
DSC3,2.4455999488316595,4.165003150692906e-07
MUC2,-3.131280564557392,4.260411279126374e-07
PLA2G3,2.397547586559781,4.76761686607513e-07
WDR72,2.296780863039399,4.871051447744814e-07
SLC13A3,2.240970126215247,5.203318366059539e-07
CXCL13,-2.087423486269825,5.235568903721583e-07
GJB5,2.4026080931263856,5.266096594680438e-07
BMP7,2.0854435442606203,7.096454224621255e-07
CES1,-2.12045388879413,7.829289574607293e-07
DMRTA2,2.1355300869861864,7.861395147066179e-07
SFRP2,-2.695722215589278,8.081148749108533e-07
SFRP4,2.2546889902780123,8.638991293307839e-07
CYP2W1,2.5861273068395025,1.2848072975220815e-06
PPBP,2.50753147705952,1.554163777760344e-06
TAC1,-2.0650801466825874,1.79074518811932e-06
ENPP3,-2.384218369435441,1.8429438654100844e-06
ODAM,2.0889751407129458,1.9222495138942965e-06
NTS,-2.000988683267952,3.032507237006312e-06
ALDH1L1,-2.4410650946614343,3.9141287454810215e-06
FOLR1,2.0158483029165954,4.299266014598665e-06
C17orf77,2.0867702711922247,7.287759154205202e-06
DUSP27,3.2381496844618782,8.941918399715018e-06
WISP3,2.0387652311103523,1.0456892879362434e-05
PRSS1,2.056405500596964,1.4505637387830537e-05
EREG,2.0055378645744515,1.5410011540354508e-05
GSTM1,-2.304132440730002,3.294818500802771e-05
PLA2G12B,-2.132876709875495,3.620123245539331e-05
REG1A,3.289146674057654,3.840788796834936e-05
PLA2G2A,-2.2429448064131066,4.038800672516131e-05
REG3A,2.9237691796008862,6.552730617307889e-05
HULC,2.3178698789015857,0.0001307162118886
LEFTY1,-2.0136353658536645,0.0001645016657574
NPSR1,2.00491904315197,0.0003108484082916
REG1B,2.387122863721646,0.0010797955358663
